country,language,nickname,dataset_string,latin_name_in_data,maps,native_name,liquipedia_romanized,liquipedia_country,corrected_latin,note
RU,ru,m0NESY,"m0NESY (Ilya Osipov), RU",Ilya Osipov,470,Илья Осипов,Ilya Osipov,Russia,,
RU,ru,Jame,"Jame (Ali Djami), RU",Ali Djami,438,Джами Али,Dzhami Ali,Russia,,
RU,ru,Donk,"Donk (Danil Kryshkovets), RU",Danil Kryshkovets,408,Данил Крышковец,Danil Kryshkovets,Russia,,
RU,ru,sh1ro,"sh1ro (Dmitry Sokolov), RU",Dmitry Sokolov,388,Дмитрий Эдуардович Соколов,Dmitriy Eduardovich Sokolov,Russia,,
RU,ru,Boombl4,"Boombl4 (Kirill  Mikhailov), RU",Kirill  Mikhailov,372,Кирилл Сергеевич Михайлов,Kirill Sergeyevich Mikhaylov,Russia,,
RU,ru,fame,"fame (Petr Bolyshev), RU",Petr Bolyshev,361,Пётр Болышев,Petr Bolyshev,Russia,,
RU,ru,FL1T,"FL1T (Evgeny Lebedev), RU",Evgeny Lebedev,344,Евгений Лебедев,Evgeniy Lebedev,Russia,,
RU,ru,electronic,"electronic (Denis Sharipov), RU",Denis Sharipov,344,Денис Раилевич Шарипов,Denis Railevich Sharipov,Russia,,
RU,ru,magixx,"magixx (Boris Vorobiev), RU",Boris Vorobiev,337,Борис Воробьев,Boris Vorobyev,Russia,,
RU,ru,BELCHONOKK,"BELCHONOKK (Andrey Yasinskiy), RU",Andrey Yasinskiy,332,Andrey Yasinskiy,,Russia,,
RU,ru,chopper,"chopper (Leonid Vishnyakov), RU",Leonid Vishnyakov,332,Леонид Вишняков,Leonid Vishnyakov,Russia,,
RU,ru,n0rb3r7,"n0rb3r7 (David  Danielyan), RU",David  Danielyan,297,Давид Даниелян,David Danielyan,Russia,,
RU,ru,d1Ledez,"d1Ledez (Daniil Kustov), RU",Daniil Kustov,295,Даниил Кустов,Daniil Kustov,Russia,,
RU,ru,Magnojez,"Magnojez (Kirill Rodnov), RU",Kirill Rodnov,287,Кирилл Роднов,Kirill Rodnov,Russia,,
RU,ru,nota,"nota, RU",,286,Эмиль Москвитин,Emil Moskvitin,Russia,,
RU,ru,s1ren,"s1ren (Pavel  Ogloblin), RU",Pavel  Ogloblin,280,Павел Оглоблин,Pavel Ogloblin,Russia,,
RU,ru,Ax1Le,"Ax1Le (Sergey Rykhtorov), RU",Sergey Rykhtorov,274,Сергей Александрович Рыхторов,Sergey Aleksandrovich Rykhtorov,Russia,,
RU,ru,FL4MUS,"FL4MUS (Timur Marev), RU",Timur Marev,273,Тимур Марьев,Timur Maryev,Russia,,
RU,ru,Norwi,"Norwi (Evgeny Ermolin), RU",Evgeny Ermolin,265,Евгений Ермолин,Evgeniy Ermolin,Russia,,
RU,ru,KENSI,"KENSI (Aleksandr Gurkin), RU",Aleksandr Gurkin,257,Александр Гуркин,Aleksandr Gurkin,Russia,,
RU,ru,r3salt,"r3salt (Evgeny Frolov), RU",Evgeny Frolov,251,Евгений Алексеевич Фролов,Evgeniy Alekseevich Frolov,Russia,,
RU,ru,ArtFr0st,"ArtFr0st (Artyom  Kharitonov), RU",Artyom  Kharitonov,243,Артем Харитонов,Artem Kharitonov,Russia,,
RU,ru,deko,"deko ( Denis  Zhukov), RU",Denis  Zhukov,243,Денис Жуков,Denis Zhukov,Russia,,
RU,ru,TRAVIS,"TRAVIS (Aleksandr Timkiv), RU",Aleksandr Timkiv,240,Александр Тимкив,Aleksandr Timkiv,Russia,,
RU,ru,glowiing,"glowiing (Alexander Matsievich), RU",Alexander Matsievich,218,Александр Мациевич,Aleksandr Matsiyevich,Russia,,
RU,ru,Xant3r,"Xant3r (Kirill Kononov), RU",Kirill Kononov,218,Кирилл Кононов,Kirill Kononov,Russia,,
RU,ru,zorte,"zorte (Alexandr Zagodyrenko), RU",Alexandr Zagodyrenko,212,Александр Загодыренко,Aleksandr Zagodyrenko,Russia,,
RU,ru,clax,"clax (Timur Sabirov), RU",Timur Sabirov,204,Тимур Сабиров,Timur Sabirov,Russia,,
RU,ru,Krad,"Krad (Vladislav Kravchenko), RU",Vladislav Kravchenko,203,Владислав Кравченко,Vladislav Kravchenko,Russia,,
RU,ru,riskyb0b,"riskyb0b (Maksim Churikov), RU",Maksim Churikov,201,Максим Чуриков,Maksim Churikov,Russia,,
RU,ru,shalfey,"shalfey (Alexandr  Marenov), RU",Alexandr  Marenov,192,Александр Маренов,Aleksandr Marenov,Russia,,
RU,ru,degster,"degster (Abdul Gasanov), RU",Abdul Gasanov,166,Абдулхалик Гасанов,Abdulkhalik Gasanov,Russia,,
RU,ru,Forester,"Forester (Igor Bezotecheskiy), RU",Igor Bezotecheskiy,165,Игорь Безотеческий,Igor Bezotecheskiy,Russia,,
RU,ru,xiELO,"xiELO (Vladislav Lysov), RU",Vladislav Lysov,162,Владислав Лысов,Vladislav Lysov,Russia,,
RU,ru,Patsi,"Patsi (Robert Isyanov), RU",Robert Isyanov,162,Роберт Исянов,Robert Isyanov,Russia,,
RU,ru,robo,"robo (Nikita Dushin), RU",Nikita Dushin,158,Никита Душин,Nikita Dushin,Russia,,
RU,ru,Perfecto,"Perfecto (Ilya Zalutskiy), RU",Ilya Zalutskiy,143,Илья Игоревич Залуцкий,Ilya Igorevich Zalutskiy,Russia,,
RU,ru,lov1kus," lov1kus (Daniil Nikitin), RU",Daniil Nikitin,140,Даниил Никитин,Daniil Nikitin,Russia,,
RU,ru,iDISBALANCE,"iDISBALANCE (Artem Egorov), RU",Artem Egorov,138,Артём Егоров,Artyom Egorov,Russia,,
RU,ru,SELLTER,"SELLTER (Ivan Miroshnikov), RU",Ivan Miroshnikov,135,Иван Мирошников,Ivan Miroshnikov,Russia,,
RU,ru,X5G7V,"X5G7V (Daniil Maryshev), RU",Daniil Maryshev,134,Даниил Марышев,Daniil Maryshev,Russia,,
RU,ru,mir,"mir (Nikolay Bityukov), RU",Nikolay Bityukov,127,Николай Битюков,Nikolay Bityukov,Russia,,
RU,ru,bluewhite,"bluewhite, RU",,118,Лубсан Мулонов,Lubsan Mulonov,Russia,,
RU,ru,AW,"AW (Andrey Anisimov), RU",Andrey Anisimov,114,Андрей Анисимов,Andrey Anisimov,Russia,,
RU,ru,fozil,"fozil (Timofey Komkov), RU",Timofey Komkov,105,Тимофей Комков,Timofey Komkov,Russia,,
RU,ru,faydett,"faydett (Yuri Martirosov), RU",Yuri Martirosov,101,Юрий Мартиросов,Yuriy Martirosov,Russia,,
RU,ru,mizu,"mizu (Dmitry  Kondratev), RU",Dmitry  Kondratev,99,Sam Richardson,,Australia,,[country: sheet RU vs page AU — check this is the right player]
RU,ru,KaiR0N,"KaiR0N (Aleksandr Anashkin), RU",Aleksandr Anashkin,99,Aleksandr Anashkin,,Russia,,
RU,ru,sstiNiX,"sstiNiX (Dmitry Khlebnikov), RU",Dmitry Khlebnikov,98,Дмитрий Хлебников,Dmitriy Khlebnikov,Russia,,
RU,ru,kelieN,"kelieN (Vladimir Boldyrev), RU",Vladimir Boldyrev,96,Владимир Болдырев,Vladimir Boldyrev,Russia,,
RU,ru,nafany,"nafany (Vladislav Gorshkov), RU",Vladislav Gorshkov,94,Владислав Горшков,Vladislav Gorshkov,Russia,,
RU,ru,sowalio,"sowalio (Maksim Beketov), RU",Maksim Beketov,94,Максим Бекетов,Maksim Beketov,Russia,,
RU,ru,FpSSS,"FpSSS (Dmitriy  Sofronov), RU",Dmitriy  Sofronov,94,Дмитрий Софронов,Dmitriy Sofronov,Russia,,
RU,ru,alpha1337,"alpha1337 (Danill Demin), RU",Danill Demin,91,Даниил Демин,Daniil Demin,Non-representing,,[country: sheet RU vs page NO — check this is the right player]
RU,ru,VILBy,"VILBy, RU",,90,Виталий Захарюта,Vitaliy Zakharyuta,Russia,,
RU,ru,Danistzz,"Danistzz (Danil Roslyakov), RU",Danil Roslyakov,87,Данил Росляков,Danil Roslyakov,Russia,,
RU,ru,tex1y,"tex1y, RU",,87,Филипп Москвитин,Philipp Moskvitin,Russia,,
RU,ru,interz,"interz (Timofey Yakushin), RU",Timofey Yakushin,85,Тимофей Сергеевич Якушин,Timofey Sergeyevich Yakushin,Russia,,
RU,ru,seized,"seized (Denis Kostin), RU",Denis Kostin,84,Денис Валерьевич Костин,Denis Valeryevich Kostin,Russia,,
RU,ru,Kaide,"Kaide, RU",,82,Эдуард Татаринов,Eduard Tatarinov,Russia,,
RU,ru,kinqie,"kinqie (Semyon Lisitsyn), RU",Semyon Lisitsyn,78,Семён Лисицын,Semyon Lisitsyn,Russia,,
RU,ru,Get_Jeka,"Get_Jeka (Jenya Smakilo), RU",Jenya Smakilo,78,Евгений Смакило,Evgeniy Smakilo,Belarus,,[country: sheet RU vs page BY — check this is the right player]
RU,ru,Kiro,"Kiro (Aleksandr Sherov), RU",Aleksandr Sherov,78,,,,, [liquipedia: http 404]
RU,ru,executor,"executor (Ilya Weber), RU",Ilya Weber,78,Илья Вебер,Ilya Weber,Russia,,
RU,ru,TruNiQ,"TruNiQ (Danil Polymordvinov), RU",Danil Polymordvinov,78,Данила Полумордвинов,Danila Polumordvinov,Russia,,
RU,ru,Polt,"Polt (Vadim Tsyrov), RU",Vadim Tsyrov,77,Вадим Циров,Vadim Tsirov,Russia,,
RU,ru,gokushima,"gokushima (Erkhan  Bagynanov), RU",Erkhan  Bagynanov,74,Эрхан Багынанов,Erkhan Bagynanov,Russia,,
RU,ru,H4SAN4TOR,"H4SAN4TOR (Vladyslav  Tuchin), RU",Vladyslav  Tuchin,73,Владислав Тучин,Vladislav Tuchin,Russia,,
RU,ru,NickelBack,"NickelBack (Alexey Trofimov), RU",Alexey Trofimov,69,Алексей Трофимов,Aleksey Trofimov,Russia,,
RU,ru,latt1kk,"latt1kk (Vladislav  Vydrin), RU",Vladislav  Vydrin,65,Владислав Выдрин,Vladislav Vydrin,Russia,,
RU,ru,Raijin,"Raijin (Konstantin  Trubarov), RU",Konstantin  Trubarov,63,Константин Трубаров,Konstantin Trubarov,Russia,,
RU,ru,Z1Nny,"Z1Nny (Pavel  Prokopiev), RU",Pavel  Prokopiev,61,Павел Прокопьев,Pavel Prokopiev,Russia,,
RU,ru,Vert,"Vert (Georgiy Kinzyagulov), RU",Georgiy Kinzyagulov,58,Георгий Кинзягулов,Georgiy Kinzyagulov,Russia,,
RU,ru,Something,"Something, RU",,57,Ярослав Шевчишин,Yaroslav Shevchishin,Russia,,
RU,ru,sh1ne,"sh1ne (Maksim Vinogradov), RU",Maksim Vinogradov,54,Максим Виноградов,Maksim Vinogradov,Russia,,
RU,ru,Jerry,"Jerry (Andrey Mekhryakov), RU",Andrey Mekhryakov,53,Андрей Мехряков,Andrey Mekhryakov,Russia,,
RU,ru,Oz1k,"Oz1k, RU",,50,Александр Севастьянов,Alexandr Sevastyanov,Russia,,
RU,ru,z1k4,"z1k4, RU",,50,Тимур Асхадулин,Timur Askhadulin,Russia,,
RU,ru,ct0m,"ct0m (Artem  Maximov), RU",Artem  Maximov,48,Артем Максимов,Artem Maksimov,Russia,,
RU,ru,shg,"shg (Artem Shaginyan), RU",Artem Shaginyan,48,Артем Шагинян,Artem Shaginyan,Russia,,
RU,ru,KusMe,"KusMe, RU",,45,Владислав Дмитриев,Vladislav Dmitriev,Russia,,
RU,ru,kl1m,"kl1m (Klimentiy Krivosheev), RU",Klimentiy Krivosheev,43,Климентий Кривошеев,Klimentii Krivosheev,Russia,,
RU,ru,SoLb,"SoLb (Kirill Simagin), RU",Kirill Simagin,42,Кирилл Симагин,Kirill 	Simagin,Russia,,
RU,ru,1NVISIBLE,"1NVISIBLE (Danila Simagin), RU",Danila Simagin,41,Данила Симагин,Danila Simagin,Russia,,
RU,ru,Porya,"Porya (Daniil Poryadin), RU",Daniil Poryadin,41,Данил Порядин,Danil Poryadin,Russia,,
RU,ru,Dwushka,"Dwushka (Aleksandr  Pakhnevich), RU",Aleksandr  Pakhnevich,38,Александр Пахневич,Aleksandr Pakhnevich,Russia,,
RU,ru,Shady,"Shady (Vladimir Karelin), RU",Vladimir Karelin,35,Владимир Карелин,Vladimir Karelin,Russia,,
RU,ru,spirit,"spirit (Dmitry  Kutovykh), RU",Dmitry  Kutovykh,34,Дмитрий Валерьевич Веко,Dmitriy Valeryevich Veko,Belarus,,[country: sheet RU vs page BY — check this is the right player]
RU,ru,El1an,"El1an (Aleksey Gusev), RU",Aleksey Gusev,31,Алексей Гусев,Aleksey Gusev,Russia,,
RU,ru,k4nfuz,"k4nfuz (Vladislav  Shilov), RU",Vladislav  Shilov,30,Владислав Шилов,Vladislav Shilov,Russia,,
RU,ru,twenty3,"twenty3 (Alexandra  Timonina), RU",Alexandra  Timonina,28,Александра Тимонина,Alexandra Timonina,Russia,,
RU,ru,H1te,"H1te (Vladislav Khait), RU",Vladislav Khait,28,Владислав Хаит,Vladislav Khait,Russia,,
RU,ru,YumsaN,"YumsaN (Vadim Toropynin), RU",Vadim Toropynin,27,Вадим Торопынин,Vadim Toropynin,Russia,,
RU,ru,tory,"tory (Victoria Kazieva), RU",Victoria Kazieva,24,Виктория Казиева,Viktoria Kazieva,Russia,,
RU,ru,abiraju,"abiraju (Andrey Sergin), RU",Andrey Sergin,23,Андрей Сергин,Andrey Sergin,Russia,,
RU,ru,facecrack,"facecrack (Dmitriy Alekseyev), RU",Dmitriy Alekseyev,22,Дмитрий Алексеев,Dmitriy Alekseyev,Russia,,
RU,ru,tried,"tried (Gleb Kholmogorov ), RU",Gleb Kholmogorov,22,,,,, [liquipedia: http 404]
RU,ru,lampada,"lampada (Mark  Ivanov), RU",Mark  Ivanov,22,Марк Иванов,Mark Ivanov,Russia,,
RU,ru,eightz999,"eightz999 (Amir Abdulmedzhidov), RU",Amir Abdulmedzhidov,21,,,,, [liquipedia: http 404]
RU,ru,God6y,"God6y (Simon Chayka), RU",Simon Chayka,21,Семён Чайка,Semyon Chayka,Russia,,
RU,ru,Re1GN,"Re1GN (Daniil Chekanin), RU",Daniil Chekanin,21,Даниил Чеканин,Daniil Chekanin,Russia,,
RU,ru,dea,"dea (Deni Ediev), RU",Deni Ediev,20,Дени Эдиев,Deni Ediev,Russia,,
RU,ru,anttz,"anttz (Dmitriy Kirillin), RU",Dmitriy Kirillin,20,,,,, [liquipedia: http 404]
RU,ru,k1ssly,"k1ssly (Dmitry Gostev), RU",Dmitry Gostev,20,Дмитрий Госев,Dmitry Gostev,Russia,,
RU,ru,Aunkere,"Aunkere (Eugene Karyat), RU",Eugene Karyat,20,Евгений Юрьевич Карьят,Evgeniy Yuryevich Karyat,Russia,,
RU,ru,zealot,"zealot (Sergey Zhukovich), RU",Sergey Zhukovich,20,Сергей Жукович,Sergey Zhukovich,Russia,,
RU,ru,nitzie,"nitzie (Nikita Prokhorov), RU",Nikita Prokhorov,20,Никита Прохоров,Nikita Prokhorov,Russia,,
RU,ru,redzed,"redzed, RU",,19,,,,, [liquipedia: http 404]
RU,ru,reyozdead,"reyozdead, RU",,18,,,,, [liquipedia: http 404]
RU,ru,XdENiSZERA,"XdENiSZERA (Denis Sklenin), RU",Denis Sklenin,18,Денис Скленин,Denis Sklenin,Russia,,
RU,ru,K0s,"K0s (Matvey Abramov), RU",Matvey Abramov,18,Матвей Абрамов,Matvey Abramov,Russia,,
RU,ru,S0tF1k,"S0tF1k (Dmitry Forostyanko), RU",Dmitry Forostyanko,17,Дмитрий Форостянко,Dmitriy Forostyanko,Russia,,
RU,ru,Gooddeph,"Gooddeph (Arseny  Ponomarev), RU",Arseny  Ponomarev,17,Арсений Пономарев,Arseniy Ponomarev,Russia,,
RU,ru,finW,"finW (Aleksandr Potapov), RU",Aleksandr Potapov,17,Александр Потапов,Aleksandr Potapov,Russia,,
RU,ru,h1ghnesS,"h1ghnesS (Dmitrii Pastukhov), RU",Dmitrii Pastukhov,14,Дмитрий Пастухов,Dmitriy Pastukhov,Russia,,
RU,ru,sm3t,"sm3t (Matvey Gogin), RU",Matvey Gogin,13,Матвей Гогин,Matvey Gogin,Russia,,
RU,ru,Rexxie,"Rexxie (Danila  Tikhomirov), RU",Danila  Tikhomirov,13,,,,, [liquipedia: http 404]
RU,ru,emok1d,"emok1d, RU",,12,,,,, [liquipedia: http 404]
RU,ru,klainnnn,"klainnnn, RU",,10,,,,, [liquipedia: http 404]
RU,ru,xsepower,"xsepower (Bodgan Chernikov), RU",Bodgan Chernikov,9,Богдан Черников,Bogdan Chernikov,Russia,,
RU,ru,torox,"torox (Ivan  Belkin), RU",Ivan  Belkin,8,,,,, [liquipedia: http 404]
RU,ru,meo,"meo, RU",,8,,,,, [liquipedia: http 404]
RU,ru,f6tal,"f6tal (Svetlana  Shidlovskaia), RU",Svetlana  Shidlovskaia,7,Светлана Шидловская,Svetlana Shidlovskaia,Russia,,
RU,ru,Elizabeth,"Elizabeth (Elizaveta  Ashina), RU",Elizaveta  Ashina,7,Елизавета Ащина,Elizaveta Ashchina,Russia,,
RU,ru,keegaN,"keegaN (Timur Guzairov), RU",Timur Guzairov,7,Тимур Гузаиров,Timur Guzairov,Russia,,
RU,ru,svyat,"svyat (Svyatoslav Dovbakh), RU",Svyatoslav Dovbakh,6,Святослав Довбах,Svyatoslav Dovbakh,Russia,,
RU,ru,kyossa,"kyossa (Alexandra  Tykhonska), RU",Alexandra  Tykhonska,5,Олександра Тихонська,Oleksandra Tykhonska,Ukraine,,[country: sheet RU vs page UA — check this is the right player]
RU,ru,hally,"hally (Sergey Shavaev), RU",Sergey Shavaev,5,Сергей Шаваев,Sergey Shavayev,Russia,,
RU,ru,Victoria,"Victoria (Victoria  Ukasova), RU",Victoria  Ukasova,5,,,,,
RU,ru,DavCost,"DavCost (Vadim Vasilyev), RU",Vadim Vasilyev,4,Вадим Васильев,Vadim Vasilyev,Russia,,
RU,ru,JIaYm,"JIaYm (Nikita Panyushkin), RU",Nikita Panyushkin,4,Никита Андреевич Панюшкин,Nikita Andreyevich Panyushkin,Russia,,
RU,ru,airscape,"airscape (Sergey Marochkin), RU",Sergey Marochkin,3,,,,, [liquipedia: http 404]
RU,ru,ZinGY,"ZinGY (Alexey  Ignatovsky), RU",Alexey  Ignatovsky,2,,,,, [liquipedia: http 404]
RU,ru,qqGOD,"qqGOD (Ivan Ivlev), RU",Ivan Ivlev,2,ภูมิภัทร พจนารถ,Phoomphat Phojjanart,Thailand,,[country: sheet RU vs page TH — check this is the right player]
RU,ru,NeoLife,"NeoLife (Alexey  Novakov), RU",Alexey  Novakov,2,Алексей Новаков,Alexey Novakov,Russia,,
RU,ru,FinigaN,"FinigaN (Vladislav Usov), RU",Vladislav Usov,1,Владислав Усов,Vladislav Usov,Russia,,
RU,ru,vilga,"vilga (Ksenia Kluenkova), RU",Ksenia Kluenkova,1,Ксения Клюенкова,Ksenia Klyuenkova,Russia,,
RU,ru,SasukeQO,"SasukeQO (Nikolay Zhukov), RU",Nikolay Zhukov,1,Николай Жуков,Nikolay Zhukov,Russia,,
RU,ru,la3euka,"la3euka (Vladimir  Shurygin), RU",Vladimir  Shurygin,1,Владимир Шурыгин,Vladimir Shurygin,Russia,,
RU,ru,lom1k,"lom1k (Ivan Ovsyanik), RU",Ivan Ovsyanik,1,Иван Овсяник,Ivan Ovsyanik,Russia,,
UA,uk,B1T,"B1T (Valeriy Vakhovskiy), UA",Valeriy Vakhovskiy,428,Валерій Євгенійович Ваховський,Valerii Yevheniiovych Vakhovskyi,Ukraine,,
UA,uk,w0nderful,"w0nderful (Igor Zhdanov), UA",Igor Zhdanov,428,Ігор Жданов,Ihor Zhdanov,Ukraine,,
UA,uk,npl,"npl (Andrii Kukharskyi), UA",Andrii Kukharskyi,403,Андрій Кухарський,Andrii Kukharskyi,Ukraine,,
UA,uk,zont1x,"zont1x (Myroslav Plakhotia), UA",Myroslav Plakhotia,379,Мирослав Плахотя,Myroslav Plakhotia,Ukraine,,
UA,uk,headtr1ck,"headtr1ck (Daniil  Valitov), UA",Daniil  Valitov,351,Даниил Валітов,Danyyl Valitov,Ukraine,,
UA,uk,alex666,"alex666 (Alexey Yarmoshchuk), UA",Alexey Yarmoshchuk,339,Олексій Ярмощук,Oleksii Yarmoshchuk,Ukraine,,
UA,uk,DemQQ,"DemQQ (Sergiy Demchenko), UA",Sergiy Demchenko,287,Сергій Демченко,Serhii Demchenko,Ukraine,,
UA,uk,fear,"fear (Rodion Smyk), UA",Rodion Smyk,283,Родіон Смик,Rodion Smyk,Ukraine,,
UA,uk,r1nkle,"r1nkle (Artem Moroz), UA",Artem Moroz,254,Артем Мороз,Artem Moroz,Ukraine,,
UA,uk,kensizor,"kensizor (Artem Kapran), UA",Artem Kapran,249,Артем Капран,Artem Kapran,Ukraine,,
UA,uk,Jambo,"Jambo (Dmytro Semera), UA",Dmytro Semera,243,Дмитро Семера,Dmytro Semera,Ukraine,,
UA,uk,sdy,"sdy (Viktor Orudjev), UA",Viktor Orudjev,219,Віктор Оруджев,Viktor Orudzhev,Ukraine,,
UA,uk,Woro2k,"Woro2k (Volodymyr Veletniuk), UA",Volodymyr Veletniuk,185,Володимир Велетнюк,Volodymyr Veletniuk,Ukraine,,
UA,uk,cptkurtka023,"cptkurtka023 (Arsenly Derevinskly), UA",Arsenly Derevinskly,181,Арсений Деревинский,Arsenyi Derevynskyi,Ukraine,,
UA,uk,Dem0N,"Dem0N (Dmytro Myroshnychenko), UA",Dmytro Myroshnychenko,166,Дмитро Мирошниченко,Dmytro Myroshnychenko,Ukraine,,
UA,uk,cmtry,"cmtry, UA",,166,Микита Самольотов,Mykyta Samolotov,Ukraine,,
UA,uk,notineki,"notineki (Denis  Kalachev), UA",Denis  Kalachev,155,Денис Калачев,Denys Kalachev,Ukraine,,
UA,uk,Kvem,"Kvem (Vladislav Korol), UA",Vladislav Korol,144,Владислав Король,Vladyslav Korol,Ukraine,,
UA,uk,s1mple,"s1mple (Aleksandr Kostyliev), UA",Aleksandr Kostyliev,141,Олександр Олегович Костилєв,Oleksandr Olehovych Kostyliev,Ukraine,,
UA,uk,Sdaim,"Sdaim (Daniil  Tupov), UA",Daniil  Tupov,114,Даниил Тупов,Danyyl Tupov,Russia,,[country: sheet UA vs page RU — check this is the right player]
UA,uk,Smash,"Smash (Aleksandr Turchin), UA",Aleksandr Turchin,112,Олександр Турчин,Oleksandr Turchyn,Ukraine,,
UA,uk,Burmylov,"Burmylov (Denis  Buraga), UA",Denis  Buraga,112,Денис Бурага,Denys Buraha,Ukraine,,
UA,uk,j3kie,"j3kie (Evgeniy Sergachev), UA",Evgeniy Sergachev,111,Євген Сергачев,Yevhen Serhachev,Ukraine,,
UA,uk,bondik,"bondik (Vladyslav Nechyporchuk), UA",Vladyslav Nechyporchuk,102,Владислав Нечипорчук,Vladyslav Nechyporchuk,Ukraine,,
UA,uk,t3ns1on,"t3ns1on, UA",,92,Даниїл Кашура,Danyil Kashura,Ukraine,,
UA,uk,Leen,"Leen (Vladyslav  Stepanov), UA",Vladyslav  Stepanov,88,Владислав Степанов,Vladyslav Stepanov,Ukraine,,
UA,uk,Flierax,"Flierax, UA",,70,Артем Хіоара,Artem Khioara,Ukraine,,
UA,uk,sFade8,"sFade8 (Vitaliy Marushka), UA",Vitaliy Marushka,66,Виталий Марушка,Vitalii Marushka,Ukraine,,
UA,uk,Topa,"Topa (Alexey Topchienko), UA",Alexey Topchienko,56,Олексій Топчієнко,Oleksii Topchiienko,Ukraine,,
UA,uk,nifee,"nifee (Dmitry Tediashvili), UA",Dmitry Tediashvili,53,Дмитро Тедіашвілі,Dmytro Tediashvili,Ukraine,,
UA,uk,SynyX,"SynyX (Daniil  Mazur), UA",Daniil  Mazur,48,Даниил Мазур,Danyyl Mazur,Ukraine,,
UA,uk,OWNER,"OWNER (Mykhailo Lymar), UA",Mykhailo Lymar,31,Михайло Лимар,Mykhailo Lymar,Ukraine,,
UA,uk,baaaaZzz,"baaaaZzz (Oleg Kulynych), UA",Oleg Kulynych,23,Олег Кулинич,Oleh Kulynych,Ukraine,,
UA,uk,amster,"amster (Denis Liashenko), UA",Denis Liashenko,22,Денис Ляшенко,Denys Liashenko,Ukraine,,
UA,uk,Ganginho,"Ganginho (Ilya Chernichenko), UA",Ilya Chernichenko,17,Ілля Черниченко,Illia Chernychenko,Ukraine,,
UA,uk,byr9,"byr9 (Yaroslav Buryak), UA",Yaroslav Buryak,14,Ярослав Буряк,Yaroslav Buriak,Ukraine,,
UA,uk,marat2k,"marat2k (Kyryl Samsoniuk), UA",Kyryl Samsoniuk,13,Кирил Самсонюк,Kyryl Samsoniuk,Ukraine,,
UA,uk,kr1vda,"kr1vda (Bohdan Kryvda), UA",Bohdan Kryvda,11,Богдан Кривда,Bohdan Kryvda,Ukraine,,
UA,uk,Leri,"Leri (Vladyslav Dryha), UA",Vladyslav Dryha,8,,,,, [liquipedia: http 404]
UA,uk,Psycho,"Psycho (Alexandr Zlobin), UA",Alexandr Zlobin,5,Олександр Злобін,Oleksandr Zlobin,Ukraine,,
UA,uk,Tr0ublE,"Tr0ublE (Egor Bulavin), UA",Egor Bulavin,4,Єгор Булавін,Egor Bulavin,Ukraine,,
UA,uk,yab0ku-,"yab0ku- (Ruslan Kekot), UA",Ruslan Kekot,4,Руслан Кекот,Ruslan Kekot,Ukraine,,
UA,uk,WorldBreak3r,"WorldBreak3r, UA",,2,,,,, [liquipedia: http 404]
UA,uk,fostar,"fostar (Stanislav Ostashevskiy), UA",Stanislav Ostashevskiy,2,Станіслав Осташевський,Stanislav Ostashevskyi,Ukraine,,
UA,uk,munch,"munch (Evgenij Lutchenko), UA",Evgenij Lutchenko,1,Євгеній Лученко,Yevhenii Luchenko,Ukraine,,
UA,uk,1mpala,"1mpala (Stefan Ailazyan), UA",Stefan Ailazyan,1,Стефан Айлазян,Stefan Ailazian,Ukraine,,
UA,uk,Templ,"Templ (Dmitriy Sryvkov), UA",Dmitriy Sryvkov,1,Дмитро Сривков,Dmytro Sryvkov,Ukraine,,
UA,uk,rAge,"rAge (Dmitry Bolotov), UA",Dmitry Bolotov,1,Дмитро Болотов,Dmytro Bolotov,Ukraine,,
KZ,kk,ICY,"ICY (Kaisar Faiznurov), KZ",Kaisar Faiznurov,261,Кайсар Файзнуров,Kaisar Faiznurov,Kazakhstan,,
KZ,kk,Lack1,"Lack1 (Viktor Boldyrev), KZ",Viktor Boldyrev,237,Виктор Болдырев,Viktor Boldyrev,Kazakhstan,,
KZ,kk,khaN,"khaN, KZ",,224,Бексұлтан Оспан,Beksūltan Ospan,Kazakhstan,,
KZ,kk,qikert,"qikert (Alexey Golubev), KZ",Alexey Golubev,204,Алексей Голубев,Aleksei Golubev,Kazakhstan,,
KZ,kk,HObbit,"HObbit (Abay Khasenov), KZ",Abay Khasenov,109,Абай Хасенов,Abay Khassenov,Kazakhstan,,
KZ,kk,dukefissura,"dukefissura ( Suleımen  Orazaly), KZ",Suleımen  Orazaly,89,Сұлеймен Оразалы,Sūleimen Orazaly,Kazakhstan,,
KZ,kk,kAlash,"kAlash (Altair Askarov), KZ",Altair Askarov,80,Альтаир Асқаров,Altair Asqarov,Kazakhstan,,
KZ,kk,kade0,"kade0 (Aydos Khairzhan), KZ",Aydos Khairzhan,52,Айдос Хайржан,Aidos Hairjan,Kazakhstan,,
KZ,kk,neaLaN,"neaLaN (Sanzhar Ishkakov), KZ",Sanzhar Ishkakov,47,Санжар Исхаков,Sanjar Ishakov,Kazakhstan,,
KZ,kk,def1zer,"def1zer (Sanzhar Talgat), KZ",Sanzhar Talgat,36,Санжар Талгат,Sanjar Talgat,Kazakhstan,,
KZ,kk,buster,"buster (Timur Tulepov), KZ",Timur Tulepov,33,Тимур Тулепов,Timur Tulepov,Kazakhstan,,
KZ,kk,w1nt3r,"w1nt3r (Alikhan Kopzhanov), KZ",Alikhan Kopzhanov,24,Әлихан Көпжанов,Älihan Köpjanov,Kazakhstan,,
KZ,kk,laser,"laser (Eduardo Chshekin), KZ",Eduardo Chshekin,8,Эдуардо Чшекин,Eduardo Tşşekin,Kazakhstan,,
KZ,kk,weaver,"weaver, KZ",,4,,,,, [liquipedia: http 404]
KZ,kk,fitch,"fitch (Bektiyar Bahytov), KZ",Bektiyar Bahytov,1,Бақтияр Бақытов,Baqtiar Baqytov,Kazakhstan,,
BY,be,tN1R,"tN1R (Andrey Tatarinovich), BY",Andrey Tatarinovich,314,Андрей Татаринович,Andrey Tatarinovich,Belarus,,
BY,be,1eeR,"1eeR (Aliaksandr  Nahorny), BY",Aliaksandr  Nahorny,218,Аляксандр Нагорный,Aliaksandr Nahornyj,Belarus,,
BY,be,FenomeN,"FenomeN (Ilya Kolodko), BY",Ilya Kolodko,186,Илья Колодько,Ilya Kolodko,Belarus,,
BY,be,gr1ks,"gr1ks, BY",,169,Глеб Газін,Gleb Gazin,Belarus,,
BY,be,m1QUSE,"m1QUSE (Denis Karpovich), BY",Denis Karpovich,116,Дзяніс Карповіч,Denis Karpovich,Belarus,,
BY,be,XeeDo,"XeeDo, BY",,71,Аляксей Мікуліч,Aleksey Mikulich,Belarus,,
BY,be,MaSvAl,"MaSvAl (Svyatoslav Masko), BY",Svyatoslav Masko,60,Святаслаў Масько,Svyatoslav Masko,Belarus,,
BY,be,senka,"senka (Arseniy Kozlovsky), BY",Arseniy Kozlovsky,49,Арсень Казлоўскі,Arseniy Kozlovsky,Belarus,,
BY,be,Chill,"Chill (Artem Mankevich), BY",Artem Mankevich,19,Артем Манкевич,Artem Mankevich,Belarus,,
BY,be,k1slll,"k1slll, BY",,17,Никита Кузьминов,Nikita Kuzminov,Belarus,,
BY,be,Brilliance,"Brilliance (Alexander Vysotsky), BY",Alexander Vysotsky,6,Аляксандр Высоцкі,Alexander Vysotsky,Belarus,,
MN,mn,bLitz,"bLitz (Byambasuren Garidmagnai), MN",Byambasuren Garidmagnai,411,Бямбасүрэнгийн Гарьдмагнай,Garidmagnai Byambasuren,Mongolia,,
MN,mn,Techno,"Techno (Munkhbold Sodbayar), MN",Munkhbold Sodbayar,411,Мөнхболдын Содбаяр,Sodbayar Munkhbold,Mongolia,,
MN,mn,mzinho,"mzinho (Ayush Batbold), MN",Ayush Batbold,411,Батболдын Аюуш,Ayush Batbold,Mongolia,,
MN,mn,910,"910 (Usukhbayar Banzragch), MN",Usukhbayar Banzragch,411,Банзрагчийн Өсөхбаяр,Usukhbayar Banzragch,Mongolia,,
MN,mn,senzu,"senzu (Munkhbold  Azbayar), MN",Munkhbold  Azbayar,318,Мөнхболдын Азбаяр,Azbayar Munkhbold,Mongolia,,
MN,mn,controlez,"controlez (Unudelger Baasanjargal), MN",Unudelger Baasanjargal,51,Баасанжаргалын Өнөдэлгэр,Unudelger Baasanjargal,Mongolia,,
MN,mn,yAmi,"yAmi (Yalalt Oyunbileg), MN",Yalalt Oyunbileg,43,Оюунбилэгийн Ялалт,Yalalt Oyunbileg,Mongolia,,
MN,mn,dobu,"dobu (Gan-Erdene Batbold), MN",Gan-Erdene Batbold,39,Батболдын Ган-Эрдэнэ,Gan-Erdene Batbold,Mongolia,,
MN,mn,xerolte,"xerolte (Munkhtogtokh Enkhbat), MN",Munkhtogtokh Enkhbat,39,Энхбатын Мөнхтогтох,Munkhtogtokh Enkhbat,Mongolia,,
MN,mn,nin9,"nin9 (Yesuntumur Gantulga), MN",Yesuntumur Gantulga,37,Гантулгын Есөнтөмөр,Yesuntumur Gantulga,Mongolia,,
MN,mn,Bart4k,"Bart4k (Baatarkhuu Batbold), MN",Baatarkhuu Batbold,37,Батболдын Баатархүү,Baatarkhuu Batbold,Mongolia,,
MN,mn,kabal,"kabal (Batbayar Bat-Enkh), MN",Batbayar Bat-Enkh,35,Батбаярын Бат-Энх,Bat-Enkh Batbayar,Mongolia,,
MN,mn,ROUX,"ROUX (Undrakhbayar  Zolbayar), MN",Undrakhbayar  Zolbayar,32,Золбаярын Ундрахбаяр,Undrakhbayar Zolbayar,Mongolia,,
MN,mn,Annihilation,"Annihilation (Tuvshintugs Nyamdorj), MN",Tuvshintugs Nyamdorj,29,Нямдоржийн Түвшинтөгс,Tuvshintugs Nyamdorj,Mongolia,,
MN,mn,sk0R,"sk0R (Tengis Batjargal), MN",Tengis Batjargal,28,Батжаргалын Тэнгис,Tengis Batjargal,Mongolia,,
MN,mn,ariucle,"ariucle (Ariunjargal  Yadam), MN",Ariunjargal  Yadam,28,Ядамын Ариунжаргал,Ariunjargal Yadam,Mongolia,,
MN,mn,efire,"efire (Tugserdene Erdenebold), MN",Tugserdene Erdenebold,28,Эрдэнэболдын Төгс-Эрдэнэ,Tugs-Erdene Erdenebold,Mongolia,,
MN,mn,fury5k,"fury5k ( Davaasuren  Ganbaatar), MN",Davaasuren  Ganbaatar,24,Ганбаатарын Даваасүрэн,Davaasuren Ganbaatar,Mongolia,,
MN,mn,neuz,"neuz (Uuganbayar Nyam-Otgon), MN",Uuganbayar Nyam-Otgon,20,Ням-Отгоны Ууганбаяр,Uuganbayar Nyam-Otgon,Mongolia,,
MN,mn,cool4st,"cool4st (Sodbileg Batbaatar), MN",Sodbileg Batbaatar,18,Батбаатарын Содбилэг,Sodbileg Batbaatar,Mongolia,,
MN,mn,MagnumZ,"MagnumZ (Telmen Khurelkhuu), MN",Telmen Khurelkhuu,14,Хүрэлхүүгийн Тэлмэн,Telmen Khurelkhuu,Mongolia,,
MN,mn,Zilkenberg,"Zilkenberg (Temuulen Battulga), MN",Temuulen Battulga,10,Баттулгын Тэмүүлэн,Temuulen Battulga,Mongolia,,
MN,mn,Tsogoo,"Tsogoo (Tsog Mashbat), MN",Tsog Mashbat,7,Машбатын Цог,Tsog Mashbat,Mongolia,,
MN,mn,Stardust,"Stardust (Temuulen  Erdenebayr), MN",Temuulen  Erdenebayr,6,,,,, [liquipedia: http 404]
MN,mn,shinobi,"shinobi (Telmen Batzorig), MN",Telmen Batzorig,4,Josh Abastado,,United States,,[country: sheet MN vs page UN — check this is the right player]
MN,mn,veccil,"veccil (Bilegsaihan Riina), MN",Bilegsaihan Riina,4,Билэгсайхан Рина,Bilegsaikhan Riina,Mongolia,,
MN,mn,tamir,"tamir (Munkhtamir Ganbaatar), MN",Munkhtamir Ganbaatar,4,Ганбаатарын Мөнхтамир,Munkhtamir Ganbaatar,Mongolia,,
MN,mn,HenX,"HenX (Suld-Erdene Oyundelger), MN",Suld-Erdene Oyundelger,4,Сүлд-Эрдэнэ Оюундэлгэрийн,Suld-Erdene Oyundelger,Mongolia,,
UZ,uz,Ryujin,"Ryujin (Boris Kim), UZ",Boris Kim,92,Борис Ким,Boris Kim,Uzbekistan,,
UZ,uz,DSSj,"DSSj (Timur Abdullin), UZ",Timur Abdullin,84,Тимур Абдуллин,Timur Abdullin,Uzbekistan,,
UZ,uz,fr0k,"fr0k (Ruslan Gizatov), UZ",Ruslan Gizatov,14,Руслан Гизатов,Ruslan Gizatov,Uzbekistan,,
KG,ky,SNk,"SNk (Aleksandr Semkin), KG",Aleksandr Semkin,13,Александр Семкин,Aleksandr Semkin,Kyrgyzstan,,
KG,ky,enzero,"enzero (Ermek Kartanbaev), KG",Ermek Kartanbaev,11,Эрмек Картанбаев,Ermek Kartanbaev,Kyrgyzstan,,
KG,ky,kamaz1k,"kamaz1k (Alisher Makhmutov), KG",Alisher Makhmutov,4,Алишер Махмутов,Alisher Makhmutov,Kyrgyzstan,,
KG,ky,Jammie,"Jammie (Dzhamilya Alagozova), KG",Dzhamilya Alagozova,4,Джамиля Алагозова,Dzhamilya Alagozova,Kyrgyzstan,,
AZ,az,sugaR,"sugaR (Amin Azimov), AZ",Amin Azimov,127,Amin Azimov,,Azerbaijan,,
EE,et,ropz,"ropz (Robin Kool), EE",Robin Kool,503,Robin Kool,,Estonia,,
EE,et,aNdu,"aNdu (Andreas Maasing), EE",Andreas Maasing,162,Andreas Maasing,,Estonia,,
EE,et,Jyo,"Jyo (Rassim Valijev), EE",Rassim Valijev,11,Rassim Valijev,,Estonia,,
EE,et,fejtZ,"fejtZ (Kristjan  Allsaar), EE",Kristjan  Allsaar,7,Kristjan Allsaar,,Estonia,,
EE,et,Wahtzz,"Wahtzz (Rene Vahu), EE",Rene Vahu,7,Rene Vahu,,Estonia,,
EE,et,eku,"eku ( Egerti  Kiisk), EE",Egerti  Kiisk,7,Egerti Kiisk,,Estonia,,
EE,et,supra,"supra (Anton Tšernobai), EE",Anton Tšernobai,7,Anton Dvoretski,,Estonia,,
EE,et,consss,"consss (Alvar Rämman), EE",Alvar Rämman,3,Alvar Rämman,,Estonia,,
LV,lv,broky,"broky (Helvijs Saukants), LV",Helvijs Saukants,455,Helvijs Saukants,,Latvia,,
LV,lv,YEKINDAR,"YEKINDAR (Mareks Gaļinskis), LV",Mareks Gaļinskis,398,Mareks Gaļinskis,,Latvia,,
LV,lv,shield,"shield (Roberts Tipsis), LV",Roberts Tipsis,60,Roberts Tipsis,,Latvia,,
LV,lv,keen,"keen (Kristers  Dārznieks), LV",Kristers  Dārznieks,28,Kristers Dārznieks,,Latvia,,
LV,lv,4X1s,"4X1s (Daniils Jaciks), LV",Daniils Jaciks,17,Daniils Jaciks,,Latvia,,
LV,lv,krii,"krii (Kristaps Bricis), LV",Kristaps Bricis,9,Kristaps Bricis,,Latvia,,
LV,lv,shadiy,"shadiy (Mārtiņš Gūtmanis), LV",Mārtiņš Gūtmanis,9,Martins Gūtmanis,,Latvia,,
LV,lv,sunshine,"sunshine (Renat Kolesnikov), LV",Renat Kolesnikov,1,,,,, [liquipedia: http 404]
LT,lt,jL,"jL (Justinas Lekavicius), LT",Justinas Lekavicius,273,Justinas Lekavičius,,Lithuania,,
LT,lt,Ryu,"Ryu (Gytis Glušauskas), LT",Gytis Glušauskas,253,Steve Rattacasa,,United States,,[country: sheet LT vs page UN — check this is the right player]
LT,lt,Bymas,"Bymas (Aurimas Pipiras), LT",Aurimas Pipiras,82,Aurimas Pipiras,,Lithuania,,
LT,lt,tAk,"tAk (Keserauskas  Vilius), LT",Keserauskas  Vilius,10,Vilius Keserauskas,,Lithuania,,
LT,lt,nukkye,"nukkye (Žygimantas  Chmieliauskas), LT",Žygimantas  Chmieliauskas,2,Žygimantas Chmieliauskas,,Lithuania,,
