team,posterior_mean,hdi_3,hdi_97
Team Vitality,1979.4775439194175,1869.627927271857,2099.6959582300688
Team Spirit,1868.4494416194043,1763.156006017227,1978.9345272991682
MOUZ,1816.051147859219,1717.988795638049,1919.4721028005274
Team Falcons,1769.4209269387209,1671.7154652537463,1874.5679952083503
Eternal Fire,1749.8568483886916,1625.668557445725,1889.0830228671043
The Mongolz,1746.7654609645274,1645.3643356542589,1850.2945320155438
Betclic,1718.0718915207121,1543.6169112116181,1897.508733058017
Natus Vincere,1712.877143969675,1603.1092389259725,1816.3062424102905
FURIA Esports,1704.4583722731124,1606.4419819255786,1805.7709831838813
G2 Esports,1667.668345378322,1567.3143225277413,1771.0660912225271
FaZe Clan,1639.1625811023468,1537.8587379768117,1733.3024846212356
HOTU,1611.8804833751435,1447.3638133157322,1784.4747305592946
Aurora Gaming,1610.1890292422074,1495.5930045185576,1718.1971643312731
B8 Esports,1600.4845358779987,1497.592610060424,1703.9253649383998
Gentle Mates,1592.0774386783846,1450.972337077797,1750.070874762
Astralis,1580.5918685328036,1475.818000949235,1679.9167459238051
Team Liquid,1578.0781996739324,1472.9138925437967,1680.2235051761045
Team 3DMAX,1571.77136837293,1469.3920884755928,1665.0982277558605
GamerLegion,1566.0684037711048,1461.71122328798,1670.014046088585
PARIVISION,1559.9330032514292,1454.254786804103,1671.5902232399812
FUT Esports,1555.5309425779951,1387.18623965909,1721.0233729773418
Ninjas in Pyjamas,1550.9188520747468,1440.2221888516497,1661.2244745411708
Heroic,1545.563263669048,1444.0516133288672,1640.324985222413
Virtus.pro,1536.0883945531639,1431.2692524435079,1645.3412753283167
paiN Gaming,1535.2084497910303,1436.323694135301,1642.2175637494126
OG,1534.364692556157,1413.0717379502864,1652.758830082926
Legacy,1522.9004138267949,1416.705210290217,1634.5351542942383
Iberian Soul,1522.3387006936964,1328.9505187408838,1718.8064309166134
SAW,1506.385487249878,1396.0084738745043,1625.4381371320965
BetBoom Team,1503.1593984098465,1393.5347496243771,1609.592186364251
TYLOO,1499.972372495048,1386.616514862761,1610.7666713947508
Passion UA,1476.663749773474,1347.1284955401056,1595.9819416650225
M80,1475.5976005513821,1356.3231203798882,1596.5308184223213
Nemiga Gaming,1457.4571171600132,1351.0821638077991,1574.1156859686835
Imperial Esports,1455.3001737078766,1324.067319443965,1586.1676913329238
Hesta,1446.537371162242,1237.15930336768,1650.803570148964
BCGame,1445.1289292819622,1294.6842487516774,1605.6190798836083
Metizport,1443.4496919801068,1302.605407334337,1573.6772332329328
Lynn Vision Gaming,1434.47959342062,1311.021351325467,1567.7754724851495
Natus Vincere Junior,1425.599640216671,1228.383766054452,1629.5094617758523
Fnatic,1425.375200479411,1313.346715430715,1537.9668456579905
FlyQuest,1418.1761881022712,1302.0643330919465,1530.0654957371235
Complexity,1416.0775841902857,1293.1180489235996,1547.8860058049981
TEAM NEXT LEVEL,1411.484291180379,1267.8111515519595,1560.6010819292428
9INE,1405.417608532535,1259.5303287565923,1549.7444722553107
Wildcard Gaming,1401.346808981597,1249.8538923613137,1547.8824480398016
ENCE,1396.6661014286658,1279.0655302840294,1513.188826356557
MIBR,1396.621606134763,1283.761156540289,1522.466488609943
Sashi Esport,1379.3602250594622,1178.4092651155947,1564.4613456872332
BIG,1364.8752901520236,1247.1788426718294,1479.5233433013261
9Pandas,1353.9156670958857,1180.6315480087076,1515.957176866056
Fluxo,1338.7799817521345,1172.325952886766,1485.8132704522602
NRG Esports,1322.6660015303778,1172.5659957437135,1474.7100708939954
Leo Team,1309.175475959067,1091.9354931167304,1514.6622140295237
ECSTATIC,1287.4025179318837,1087.3028278050542,1473.080139864376
500,1285.5603931128883,1110.2203703179543,1455.5556786973245
Zero Tenacity,1280.3969791482866,1070.2325659358635,1491.0748508260383
The Huns Esports,1189.2455129306163,913.1750214836707,1412.028573006406
Rare Atom,1107.3126377221681,864.5602540725918,1314.3205267676863
Dynamo Eclot,903.5755866216238,481.1024594672204,1230.7398543343622
