relative_match,control_mean,treated_mean,control_n,treated_n,difference
-5,0.5618729096989966,0.44481605351170567,299.0,299.0,-0.11705685618729095
-4,0.6020066889632107,0.5551839464882943,299.0,299.0,-0.04682274247491647
-3,0.5652173913043478,0.5284280936454849,299.0,299.0,-0.03678929765886285
-2,0.5785953177257525,0.5083612040133779,299.0,299.0,-0.07023411371237454
-1,0.5317725752508361,0.07692307692307693,299.0,299.0,-0.45484949832775917
0,0.5284280936454849,0.5652173913043478,299.0,299.0,0.03678929765886285
1,0.5384615384615384,0.5351170568561873,299.0,299.0,-0.0033444816053511683
2,0.5986622073578596,0.5551839464882943,299.0,299.0,-0.0434782608695653
3,0.5484949832775919,0.5451505016722408,299.0,299.0,-0.0033444816053511683
4,0.5785953177257525,0.5652173913043478,299.0,299.0,-0.013377926421404673
5,0.5351170568561873,0.4682274247491639,299.0,299.0,-0.06688963210702337
