event_id,treated_team,control_team,treated_match_id,control_match_id,treated_datetime,control_datetime,distance
event-00001,00Nation,Sharks Esports,10065815,10066458,2024-01-09 18:00:00+00:00,2024-01-15 02:35:00+00:00,0.0
event-00002,100 Thieves,paiN Gaming,7303506,7303446,2026-07-22 16:00:00+00:00,2026-07-23 18:55:00+00:00,0.0
event-00003,1w Team,Acend,10096017,7304278,2026-08-07 12:45:00+00:00,2026-08-08 12:00:00+00:00,0.0
event-00004,1win Team,paiN Gaming,1435176,1450654,2024-07-28 15:30:00+00:00,2024-07-30 02:30:00+00:00,0.0
event-00005,1win Team,FUT Esports,10084433,10084605,2025-08-10 18:30:00+00:00,2025-08-15 13:00:00+00:00,1.0
event-00006,500,NAVI Javelins,10075759,1551619,2024-10-29 18:00:00+00:00,2024-10-18 20:30:00+00:00,0.0
event-00007,500,Fire Flux Esports,1871883,1884999,2025-01-20 13:30:00+00:00,2025-01-23 22:00:00+00:00,0.0
event-00008,9INE,Team Spirit Academy,1873414,1929637,2025-01-15 12:00:00+00:00,2025-01-25 21:00:00+00:00,0.0
event-00009,9INE,MOUZ NXT,5903743,10088908,2026-01-04 18:00:00+00:00,2026-01-18 14:00:00+00:00,0.0
event-00010,9INE,Alliance,10090710,10090740,2026-03-12 13:00:00+00:00,2026-03-13 20:30:00+00:00,0.0
event-00011,9Pandas,The Mongolz,1280228,10072214,2024-06-04 20:00:00+00:00,2024-07-25 13:10:00+00:00,0.0
event-00012,9Pandas,Cloud9,10073102,10073380,2024-08-21 15:25:00+00:00,2024-08-21 17:00:00+00:00,0.0
event-00013,9Pandas,AMKAL Esports,10080735,2397405,2025-04-14 12:30:00+00:00,2025-03-29 12:00:00+00:00,0.0
event-00014,9z Team,Heroic,10066746,10066530,2024-01-17 22:30:00+00:00,2024-01-18 20:40:00+00:00,0.0
event-00015,9z Team,Германия,10072309,10071863,2024-07-25 18:00:00+00:00,2024-07-13 21:00:00+00:00,0.0
event-00016,9z Team,100 Thieves,6495923,7298886,2026-03-19 22:35:00+00:00,2026-04-01 14:00:00+00:00,0.0
event-00017,ALLINNERS,Betclic,10089199,10089368,2026-01-23 15:00:00+00:00,2026-01-26 18:00:00+00:00,0.0
event-00018,ALTERNATE aTTaX,RUSH B,996603,996616,2024-04-04 18:00:00+00:00,2024-04-01 19:00:00+00:00,0.0
event-00019,ALTERNATE aTTaX,FURIA Esports,1423511,1494308,2024-08-07 16:45:00+00:00,2024-08-08 16:45:00+00:00,0.0
event-00020,AMKAL Esports,Team Vitality,10069075,1026923,2024-04-02 12:30:00+00:00,2024-03-28 19:00:00+00:00,0.0
event-00021,AMKAL Esports,Fnatic,10072206,10074263,2024-07-24 13:25:00+00:00,2024-08-28 19:30:00+00:00,0.0
event-00022,AMKAL Esports,Team Venom,10086930,10086952,2025-10-29 21:40:00+00:00,2025-10-31 12:00:00+00:00,0.0
event-00023,ARCRED,CYBERSHOKE Esports,10071118,10071118,2024-06-13 14:00:00+00:00,2024-06-13 14:00:00+00:00,1.0
event-00024,ARCRED,CYBERSHOKE Esports,1884972,1929641,2025-01-22 19:00:00+00:00,2025-01-24 21:00:00+00:00,0.0
event-00025,ARCRED,ex-Partizan Esports,10083793,10084250,2025-07-30 14:00:00+00:00,2025-08-06 17:20:00+00:00,0.0
event-00026,ARCRED,Betera,10086862,10086520,2025-10-22 20:00:00+00:00,2025-10-10 11:00:00+00:00,0.0
event-00027,ARCRED,HOTU,10088947,6148224,2026-01-19 12:00:00+00:00,2026-01-28 11:00:00+00:00,0.0
event-00028,Acend,Virtus.pro,7302722,7302727,2026-06-17 11:00:00+00:00,2026-06-14 16:30:00+00:00,0.0
event-00029,Alliance,Team 3DMAX,10073592,10072223,2024-08-26 14:30:00+00:00,2024-07-26 16:35:00+00:00,0.0
event-00030,Alliance,PARIVISION,10083486,3271267,2025-07-14 15:00:00+00:00,2025-07-17 18:45:00+00:00,0.0
event-00031,Alliance,K27,6239440,6869257,2026-02-06 23:00:00+00:00,2026-03-12 16:25:00+00:00,0.0
event-00032,Alliance,Team Spirit,10094328,7302865,2026-07-01 17:15:00+00:00,2026-06-20 20:00:00+00:00,0.0
event-00033,Apeks,FURIA Esports,800023,800024,2024-01-31 19:55:00+00:00,2024-01-31 20:45:00+00:00,0.0
event-00034,Astralis,Apeks,714456,686698,2023-12-06 12:25:00+00:00,2023-11-30 14:00:00+00:00,0.0
event-00035,Astralis,MOUZ,10068934,1034843,2024-04-08 11:05:00+00:00,2024-04-08 08:30:00+00:00,0.0
event-00036,Astralis,Virtus.pro,1599508,1617386,2024-09-25 18:20:00+00:00,2024-09-17 14:00:00+00:00,0.0
event-00037,Astralis,Hesta,1873484,2057405,2025-01-15 14:00:00+00:00,2025-02-11 16:15:00+00:00,0.0
event-00038,Astralis,BIG,2675333,2806514,2025-05-10 08:00:00+00:00,2025-05-12 08:00:00+00:00,0.0
event-00039,Astralis,PARIVISION,3993902,10085357,2025-09-12 19:20:00+00:00,2025-09-11 14:00:00+00:00,0.0
event-00040,Astralis,HOTU,5925554,6101791,2026-01-13 19:00:00+00:00,2026-01-23 19:00:00+00:00,0.0
event-00041,Aurora Gaming,ENCE,1041669,1038348,2024-04-02 16:30:00+00:00,2024-04-04 15:30:00+00:00,0.0
event-00042,Aurora Gaming,Sashi Esport,1887663,2054972,2025-01-21 12:00:00+00:00,2025-02-13 13:00:00+00:00,0.0
event-00043,Aurora Gaming,Rare Atom,2406993,2406996,2025-04-06 14:30:00+00:00,2025-04-06 10:00:00+00:00,0.0
event-00044,Aurora Gaming,Team 3DMAX,5925553,6156556,2026-01-13 22:20:00+00:00,2026-01-29 18:45:00+00:00,0.0
event-00045,Aurora Gaming,Astralis,7303503,7303720,2026-07-22 13:00:00+00:00,2026-07-25 17:45:00+00:00,0.0
event-00046,B8 Esports,Pera Esports,10067522,10067525,2024-02-16 16:00:00+00:00,2024-02-16 20:00:00+00:00,0.0
event-00047,B8 Esports,Team EndPoint,10070261,10070258,2024-05-21 21:00:00+00:00,2024-05-21 12:00:00+00:00,0.0
event-00048,B8 Esports,Nemiga Gaming,1873526,2243341,2025-01-18 01:00:00+00:00,2025-03-08 18:00:00+00:00,0.0
event-00049,BCGame,BetBoom Team,6059579,6307958,2026-01-21 17:00:00+00:00,2026-02-12 19:00:00+00:00,0.0
event-00050,BCGame,Team Shoke,7303687,10094560,2026-07-31 12:35:00+00:00,2026-07-02 19:15:00+00:00,0.0
event-00051,BCGame,BBL Esports,10098845,7309496,2026-10-02 15:00:00+00:00,2026-09-25 14:00:00+00:00,0.0
event-00052,BESTIA,Fluxo,1024298,1024298,2024-04-02 22:30:00+00:00,2024-04-02 22:30:00+00:00,0.0
event-00053,BESTIA,9INE,10090190,6416406,2026-02-20 20:00:00+00:00,2026-02-22 17:45:00+00:00,0.0
event-00054,BESTIA,BETBOOM TEAM,10091104,10091136,2026-03-25 15:00:00+00:00,2026-03-28 16:45:00+00:00,0.0
event-00055,BETBOOM TEAM,DENDELE CS,7301548,7302346,2026-06-02 17:00:00+00:00,2026-06-02 20:45:00+00:00,0.0
event-00056,BETBOOM TEAM,BIG,10094329,7303125,2026-07-01 18:45:00+00:00,2026-07-04 11:00:00+00:00,0.0
event-00057,BIG,Fnatic,10067809,1179053,2024-02-28 13:00:00+00:00,2024-05-01 17:15:00+00:00,0.0
event-00058,BIG,Team Spirit,1370916,1370922,2024-07-31 18:45:00+00:00,2024-07-29 13:00:00+00:00,0.0
event-00059,BIG,Nemiga Gaming,1873445,2016399,2025-01-15 16:30:00+00:00,2025-02-05 13:00:00+00:00,0.0
event-00060,BIG,MOUZ,10085350,4810795,2025-09-09 15:00:00+00:00,2025-10-10 15:00:00+00:00,0.0
event-00061,BIG,Novaq,10086836,10086924,2025-10-21 13:00:00+00:00,2025-10-28 15:30:00+00:00,0.0
event-00062,BIG,BETBOOM TEAM,10091113,10091138,2026-03-25 19:40:00+00:00,2026-03-28 18:00:00+00:00,0.0
event-00063,BetBoom Team,9Pandas,10068634,963330,2024-03-21 14:00:00+00:00,2024-04-03 16:00:00+00:00,0.0
event-00064,BetBoom Team,Gentle Mates,3412972,4000542,2025-08-05 21:30:00+00:00,2025-09-18 18:00:00+00:00,0.0
event-00065,BetBoom Team,BIG Academy,5925542,6093749,2026-01-16 18:00:00+00:00,2026-01-22 16:00:00+00:00,0.0
event-00066,Betclic,Passion UA,10083789,10084448,2025-07-29 14:00:00+00:00,2025-08-11 20:00:00+00:00,0.0
event-00067,Betera,paiN Gaming,10065965,10066458,2024-01-11 17:00:00+00:00,2024-01-15 02:35:00+00:00,0.0
event-00068,Bleed Esports,Fnatic,10072145,1399246,2024-07-20 15:00:00+00:00,2024-07-22 18:00:00+00:00,3.0
event-00069,CYBERSHOKE Esports,Passion UA,10083795,10084075,2025-07-30 20:00:00+00:00,2025-08-04 19:00:00+00:00,0.0
event-00070,CYBERSHOKE Esports,MASONIC,10087916,10087244,2025-12-03 12:00:00+00:00,2025-11-07 16:30:00+00:00,0.0
event-00071,CYBERSHOKE Esports,Acend,10095518,7302987,2026-07-19 14:30:00+00:00,2026-06-27 21:20:00+00:00,2.0
event-00072,CYBERSHOKE Esports,Legacy,10096831,7304687,2026-08-24 19:00:00+00:00,2026-08-27 17:30:00+00:00,0.0
event-00073,Chinggis Warriors,Partizan Esports,2542920,10082349,2025-04-30 10:55:00+00:00,2025-05-28 14:00:00+00:00,0.0
event-00074,Complexity,Natus Vincere,1873442,2036148,2025-01-16 14:00:00+00:00,2025-02-08 21:00:00+00:00,0.0
event-00075,Complexity,Nemiga Gaming,3189492,3633108,2025-07-15 17:25:00+00:00,2025-08-15 16:00:00+00:00,1.0
event-00076,DMS,9Pandas,10074406,10074258,2024-09-24 12:00:00+00:00,2024-09-19 20:30:00+00:00,0.0
event-00077,Dynamo Eclot,Eternal Fire,2016396,2009960,2025-02-05 13:00:00+00:00,2025-02-04 18:00:00+00:00,0.0
event-00078,ECSTATIC,ENCE,1873414,2085504,2025-01-15 12:00:00+00:00,2025-02-15 17:30:00+00:00,0.0
event-00079,ECSTATIC,Team Vitality,10085349,3518493,2025-09-09 11:30:00+00:00,2025-08-20 18:05:00+00:00,0.0
event-00080,ECSTATIC,BetBoom Team,5925544,6279566,2026-01-15 22:30:00+00:00,2026-02-10 13:30:00+00:00,0.0
event-00081,ENCE,Lynn Vision Gaming,686700,10066184,2023-11-29 14:00:00+00:00,2024-01-19 08:00:00+00:00,0.0
event-00082,ENCE,Espionage,800025,10067118,2024-01-31 18:45:00+00:00,2024-01-30 23:10:00+00:00,0.0
event-00083,ENCE,Zero Tenacity,10070658,10070262,2024-06-01 15:00:00+00:00,2024-05-22 12:00:00+00:00,0.0
event-00084,ENCE,Nemiga Gaming,1704289,1732508,2024-10-17 14:15:00+00:00,2024-10-19 21:15:00+00:00,0.0
event-00085,ENCE,Natus Vincere,5925548,6379242,2026-01-16 13:00:00+00:00,2026-02-17 15:35:00+00:00,0.0
event-00086,Eternal Fire,Team 3DMAX,1873561,1847901,2025-01-16 16:30:00+00:00,2024-12-05 09:10:00+00:00,0.0
event-00087,Eternal Fire,BetBoom Team,10084263,4537132,2025-08-06 11:00:00+00:00,2025-09-28 15:00:00+00:00,2.0
event-00088,Eternal Fire,Walczaki,10092600,10092370,2026-04-23 16:00:00+00:00,2026-04-27 11:00:00+00:00,0.0
event-00089,Eternal Fire,Acend,10095513,7303015,2026-07-18 11:00:00+00:00,2026-06-28 20:00:00+00:00,0.0
event-00090,Eternal Fire,Phantom Esports,10096836,10096091,2026-08-23 22:05:00+00:00,2026-08-09 16:00:00+00:00,0.0
event-00091,FOKUS,Team Nemesis,10095545,7303090,2026-07-21 19:15:00+00:00,2026-07-03 19:20:00+00:00,0.0
event-00092,FORZE,Grayhound Gaming,10067106,10066576,2024-01-30 20:00:00+00:00,2024-01-21 09:00:00+00:00,0.0
event-00093,FORZE,Aurora Gaming,10067832,10067842,2024-02-28 17:30:00+00:00,2024-02-29 21:30:00+00:00,0.0
event-00094,FURIA Esports,MIBR,1021781,1136668,2024-04-18 21:30:00+00:00,2024-04-20 01:15:00+00:00,0.0
event-00095,FURIA Esports,Virtus.pro,1333709,1389940,2024-07-17 17:45:00+00:00,2024-07-20 17:45:00+00:00,0.0
event-00096,FURIA Esports,Nemiga Gaming,2675332,2385488,2025-05-10 11:15:00+00:00,2025-03-27 15:00:00+00:00,0.0
event-00097,FUT Esports,Johnny Speeds,10085169,10085478,2025-09-08 20:00:00+00:00,2025-09-13 14:00:00+00:00,0.0
event-00098,FUT Esports,Acend,7303449,7304322,2026-07-23 16:00:00+00:00,2026-08-09 12:00:00+00:00,0.0
event-00099,FaZe Clan,Virtus.pro,718509,735426,2023-12-13 13:35:00+00:00,2023-12-10 13:55:00+00:00,0.0
event-00100,FaZe Clan,Natus Vincere,1873563,2235726,2025-01-16 18:45:00+00:00,2025-03-07 17:30:00+00:00,0.0
event-00101,FaZe Clan,Astralis,3230309,3272912,2025-07-23 18:30:00+00:00,2025-07-18 18:15:00+00:00,0.0
event-00102,FaZe Clan,GamerLegion,3743620,3743621,2025-08-27 18:05:00+00:00,2025-08-27 16:10:00+00:00,0.0
event-00103,FaZe Clan,GamerLegion,4602082,4602087,2025-10-14 10:45:00+00:00,2025-10-14 07:00:00+00:00,0.0
event-00104,FaZe Clan,Gentle Mates,7299581,7299709,2026-04-29 23:15:00+00:00,2026-04-14 16:00:00+00:00,0.0
event-00105,FaZe Clan,BIG,7302572,7303093,2026-07-01 11:45:00+00:00,2026-07-03 13:20:00+00:00,0.0
event-00106,Fluxo,Team Spirit,10070272,1255833,2024-05-12 18:00:00+00:00,2024-05-19 16:00:00+00:00,0.0
event-00107,Fluxo,9z Team,10074775,1664427,2024-09-28 22:30:00+00:00,2024-09-28 16:30:00+00:00,0.0
event-00108,Fluxo,Astralis,4412677,4412677,2025-09-28 11:30:00+00:00,2025-09-28 11:30:00+00:00,1.0
event-00109,Fluxo,Rustec,10091143,10092610,2026-03-28 21:45:00+00:00,2026-04-25 16:00:00+00:00,0.0
event-00110,FlyQuest,FURIA Esports,1873483,1846249,2025-01-14 14:00:00+00:00,2024-12-02 06:00:00+00:00,0.0
event-00111,FlyQuest,Virtus.pro,10080751,2434755,2025-04-15 07:30:00+00:00,2025-04-09 10:00:00+00:00,0.0
event-00112,FlyQuest,paiN Gaming,3230302,3325279,2025-07-23 14:00:00+00:00,2025-07-25 19:50:00+00:00,0.0
event-00113,FlyQuest,Nuclear TigeRES,10088775,10089650,2026-01-18 17:10:00+00:00,2026-02-03 16:00:00+00:00,0.0
event-00114,Fnatic,Apeks,686699,715731,2023-11-29 15:15:00+00:00,2023-11-30 18:00:00+00:00,0.0
event-00115,Fnatic,Eternal Fire,10070654,1290442,2024-05-31 16:30:00+00:00,2024-06-05 20:00:00+00:00,0.0
event-00116,Fnatic,Team EndPoint,1647094,10074474,2024-09-24 17:00:00+00:00,2024-09-25 15:10:00+00:00,0.0
event-00117,Fnatic,MIBR,1873599,1974306,2025-01-14 22:00:00+00:00,2025-01-30 18:00:00+00:00,0.0
event-00118,Fnatic,GTZ.ESPORTS,10081508,10079819,2025-05-05 17:00:00+00:00,2025-03-09 18:00:00+00:00,0.0
event-00119,Fnatic,paiN Gaming,4602084,5080990,2025-10-14 08:00:00+00:00,2025-10-26 11:00:00+00:00,0.0
event-00120,Fnatic,ARCRED,5925554,10089835,2026-01-13 19:00:00+00:00,2026-02-08 21:30:00+00:00,0.0
event-00121,Fnatic,Monte,7281295,7298868,2026-03-30 17:10:00+00:00,2026-03-31 21:40:00+00:00,0.0
event-00122,Fnatic,DENDELE CS,10096028,7304162,2026-08-07 12:45:00+00:00,2026-08-07 12:45:00+00:00,0.0
event-00123,G2 Esports,FaZe Clan,1251705,1284915,2024-05-27 20:30:00+00:00,2024-05-28 23:00:00+00:00,0.0
event-00124,G2 Esports,FURIA Esports,1873526,1847904,2025-01-18 01:00:00+00:00,2024-12-05 07:00:00+00:00,0.0
event-00125,G2 Esports,GTZ.ESPORTS,2759319,2385480,2025-05-20 01:00:00+00:00,2025-03-27 15:00:00+00:00,0.0
event-00126,G2 Esports,Astralis,3326401,3267467,2025-07-26 14:30:00+00:00,2025-07-17 20:25:00+00:00,0.0
event-00127,G2 Esports,Alliance,10091102,10091445,2026-03-25 15:10:00+00:00,2026-03-31 17:20:00+00:00,0.0
event-00128,G2 Esports,FOKUS,7299578,7299194,2026-04-29 21:05:00+00:00,2026-04-05 14:45:00+00:00,1.0
event-00129,G2 Esports,Team Falcons,7303448,7303456,2026-07-22 15:30:00+00:00,2026-07-22 20:40:00+00:00,0.0
event-00130,GUN5,MOUZ NXT,10070260,1270061,2024-05-21 21:00:00+00:00,2024-05-23 14:00:00+00:00,0.0
event-00131,GUN5,Ninjas in Pyjamas,10082830,10082267,2025-06-10 14:00:00+00:00,2025-05-23 20:00:00+00:00,0.0
event-00132,Gaimin Gladiators,DMS,10072320,10072220,2024-07-26 21:00:00+00:00,2024-07-26 10:30:00+00:00,0.0
event-00133,Gaimin Gladiators,BET-M 33,10088763,10088949,2026-01-14 20:00:00+00:00,2026-01-19 18:00:00+00:00,0.0
event-00134,GamerLegion,FaZe Clan,10069082,1023010,2024-04-01 15:30:00+00:00,2024-03-24 15:00:00+00:00,0.0
event-00135,GamerLegion,Gaimin Gladiators,1223283,1139629,2024-05-17 19:00:00+00:00,2024-04-21 16:30:00+00:00,0.0
event-00136,GamerLegion,paiN Gaming,1370920,10072418,2024-07-29 17:30:00+00:00,2024-07-28 22:30:00+00:00,0.0
event-00137,GamerLegion,FAVBET Team,10074458,10074850,2024-09-26 20:30:00+00:00,2024-10-05 11:00:00+00:00,0.0
event-00138,GamerLegion,Astralis,1873443,2150393,2025-01-17 14:00:00+00:00,2025-02-23 16:00:00+00:00,0.0
event-00139,GamerLegion,Team Spirit Academy,3189462,10084607,2025-07-15 12:00:00+00:00,2025-08-16 19:35:00+00:00,1.0
event-00140,GamerLegion,Natus Vincere,4412884,4695084,2025-09-28 14:30:00+00:00,2025-10-05 11:30:00+00:00,0.0
event-00141,GenOne,SPARTA Esports,10092602,10092665,2026-04-23 20:00:00+00:00,2026-04-27 20:00:00+00:00,0.0
event-00142,HAVU Gaming,500,10067833,858555,2024-02-28 17:30:00+00:00,2024-02-26 14:00:00+00:00,0.0
event-00143,HAVU Gaming,BASEMENT BOYS,10091182,7281293,2026-03-30 14:00:00+00:00,2026-03-30 18:40:00+00:00,0.0
event-00144,HAVU Gaming,WW Team,7303688,7303729,2026-07-31 11:00:00+00:00,2026-07-27 17:00:00+00:00,0.0
event-00145,HOTU,Natus Vincere Junior,10073332,10075646,2024-08-24 18:00:00+00:00,2024-11-02 15:50:00+00:00,0.0
event-00146,HOTU,BCGame,5842335,5614391,2026-01-03 11:00:00+00:00,2025-11-18 21:00:00+00:00,1.0
event-00147,Heroic,BIG,3189491,3189491,2025-07-15 21:35:00+00:00,2025-07-15 21:35:00+00:00,0.0
event-00148,Heroic,Team Nemesis,5080988,6087636,2025-10-26 14:00:00+00:00,2026-01-22 01:30:00+00:00,0.0
event-00149,Heroic,G2 Esports,5957749,6218295,2026-01-14 17:00:00+00:00,2026-02-06 21:00:00+00:00,0.0
event-00150,Heroic,M80,10095544,7303444,2026-07-21 16:00:00+00:00,2026-07-21 13:00:00+00:00,0.0
event-00151,Iberian Soul,BCGame,10096027,7304320,2026-08-07 12:45:00+00:00,2026-08-09 12:00:00+00:00,0.0
event-00152,Imperial Esports,GUN5,10072419,10072344,2024-07-28 22:30:00+00:00,2024-07-28 12:00:00+00:00,0.0
event-00153,Imperial Esports,Astralis,2179834,2179835,2025-03-20 14:00:00+00:00,2025-03-19 19:15:00+00:00,0.0
event-00154,Imperial Esports,Fnatic,3743708,3743619,2025-08-28 13:00:00+00:00,2025-08-27 21:30:00+00:00,0.0
event-00155,Infinite Gaming,FaZe Clan,7303502,7303984,2026-07-22 16:15:00+00:00,2026-08-01 13:30:00+00:00,0.0
event-00156,Inner Circle,MASONIC,10087992,10087258,2025-12-05 12:00:00+00:00,2025-11-07 18:00:00+00:00,0.0
event-00157,Inner Circle,Alliance,10091111,10091123,2026-03-25 18:00:00+00:00,2026-03-27 14:00:00+00:00,0.0
event-00158,JiJieHao,ARCRED,10084389,10084525,2025-08-11 17:00:00+00:00,2025-08-12 17:00:00+00:00,0.0
event-00159,JiJieHao,9INE,10090025,6416411,2026-02-12 21:15:00+00:00,2026-02-22 16:30:00+00:00,0.0
event-00160,JiJieHao,Acend,7304137,7304304,2026-08-07 19:00:00+00:00,2026-08-08 15:15:00+00:00,0.0
event-00161,Johnny Speeds,9INE,10074020,1588541,2024-09-13 13:00:00+00:00,2024-09-11 14:00:00+00:00,0.0
event-00162,Johnny Speeds,BASEMENT BOYS,10092625,7298795,2026-03-30 16:00:00+00:00,2026-03-30 21:30:00+00:00,0.0
event-00163,Johnny Speeds,Sangal Esports,7306304,7308706,2026-09-22 13:00:00+00:00,2026-09-21 19:00:00+00:00,0.0
event-00164,K27,VP.Prodigy,10084265,10084894,2025-08-06 14:15:00+00:00,2025-08-02 20:00:00+00:00,0.0
event-00165,K27,Natus Vincere,7300883,7299751,2026-05-09 13:30:00+00:00,2026-04-15 18:30:00+00:00,0.0
event-00166,K27,BIG,7303503,7303079,2026-07-22 13:00:00+00:00,2026-07-02 16:15:00+00:00,0.0
event-00167,KOLESIE,Nemiga Gaming,10093067,7300309,2026-05-13 17:00:00+00:00,2026-04-26 17:00:00+00:00,0.0
event-00168,Legacy,BetBoom Team,1130929,10069646,2024-04-19 00:30:00+00:00,2024-04-19 20:30:00+00:00,0.0
event-00169,Legacy,9Pandas,10070868,1312034,2024-06-09 23:00:00+00:00,2024-06-10 16:00:00+00:00,0.0
event-00170,Legacy,Astralis,2406992,2428693,2025-04-06 15:00:00+00:00,2025-04-07 14:15:00+00:00,0.0
event-00171,Legacy,EYEBALLERS,6583937,10090317,2026-03-01 18:45:00+00:00,2026-02-28 18:00:00+00:00,0.0
event-00172,Legacy,magic,7304365,7305601,2026-08-12 16:20:00+00:00,2026-09-02 19:00:00+00:00,0.0
event-00173,Luminosity Gaming,Team Shoke,7306076,10094562,2026-09-17 12:30:00+00:00,2026-07-03 16:00:00+00:00,0.0
event-00174,Lynn Vision Gaming,Sangal Esports,1560067,10073764,2024-09-03 14:30:00+00:00,2024-09-07 14:30:00+00:00,0.0
event-00175,Lynn Vision Gaming,GamerLegion,2179842,2208082,2025-03-01 18:10:00+00:00,2025-03-03 15:10:00+00:00,0.0
event-00176,M80,Imperial Esports,1130930,1134232,2024-04-19 00:30:00+00:00,2024-04-19 20:30:00+00:00,0.0
event-00177,M80,FlyQuest,1333707,1333705,2024-07-17 17:45:00+00:00,2024-07-17 14:30:00+00:00,0.0
event-00178,M80,Insilio,2179845,10080163,2025-03-01 12:30:00+00:00,2025-03-22 19:15:00+00:00,0.0
event-00179,M80,PARIVISION,3743622,3661827,2025-08-27 13:00:00+00:00,2025-08-17 19:00:00+00:00,0.0
event-00180,M80,WHITEBIRD,5903744,10090390,2026-01-04 18:00:00+00:00,2026-03-03 14:00:00+00:00,5.0
event-00181,MIBR,Team 3DMAX,1721331,1707966,2024-10-25 17:00:00+00:00,2024-10-12 17:00:00+00:00,0.0
event-00182,MIBR,9INE,2179841,2259411,2025-03-01 17:30:00+00:00,2025-03-09 20:10:00+00:00,0.0
event-00183,MIBR,FURIA Esports,3189493,3230302,2025-07-15 22:30:00+00:00,2025-07-23 14:00:00+00:00,0.0
event-00184,MIBR,9z Team,7302573,7303142,2026-07-01 20:50:00+00:00,2026-07-05 09:15:00+00:00,0.0
event-00185,MIBR,Eternal Fire,7305215,10096895,2026-09-02 12:00:00+00:00,2026-09-04 18:00:00+00:00,0.0
event-00186,MOUZ,Cloud9,718508,743205,2023-12-13 16:10:00+00:00,2023-12-14 12:00:00+00:00,0.0
event-00187,MOUZ,BET-M 33,10092888,7299244,2026-05-06 17:00:00+00:00,2026-04-05 19:15:00+00:00,33.0
event-00188,MOUZ,Nemiga Gaming,7303455,7306194,2026-07-21 18:35:00+00:00,2026-09-11 17:00:00+00:00,0.0
event-00189,Metizport,Team EndPoint,10074273,10074265,2024-05-10 18:00:00+00:00,2024-05-11 21:05:00+00:00,0.0
event-00190,Metizport,PARIVISION,1873600,10078732,2025-01-15 21:30:00+00:00,2025-02-08 13:00:00+00:00,0.0
event-00191,Metizport,TEAM NEXT LEVEL,10084258,10085037,2025-08-09 11:00:00+00:00,2025-08-29 20:00:00+00:00,0.0
event-00192,Metizport,Nemiga Gaming,10087222,10086966,2025-11-07 14:00:00+00:00,2025-11-01 21:25:00+00:00,0.0
event-00193,Metizport,M80,10088884,5925547,2026-01-17 20:00:00+00:00,2026-01-15 14:00:00+00:00,0.0
event-00194,Metizport,Virtus.pro,7304145,7304138,2026-08-07 19:00:00+00:00,2026-08-07 19:00:00+00:00,0.0
event-00195,Monte,Sashi Esport,10070099,10070108,2024-05-15 18:00:00+00:00,2024-05-16 12:00:00+00:00,0.0
event-00196,Monte,Team Spirit Academy,1873411,1887667,2025-01-16 18:00:00+00:00,2025-01-20 12:00:00+00:00,0.0
event-00197,Monte,Sinners Esports,2167204,2167201,2025-02-27 13:00:00+00:00,2025-02-27 22:00:00+00:00,0.0
event-00198,Monte,BET-M 33,10083788,10084622,2025-07-29 11:00:00+00:00,2025-08-15 20:00:00+00:00,0.0
event-00199,Monte,ARCRED,10084254,10084247,2025-08-08 14:00:00+00:00,2025-08-07 17:00:00+00:00,0.0
event-00200,Monte,FUT Esports,5925550,6185231,2026-01-14 18:35:00+00:00,2026-02-01 18:30:00+00:00,0.0
event-00201,Movistar Riders,Team Space,625806,10064652,2023-11-07 21:00:00+00:00,2023-11-07 21:00:00+00:00,0.0
event-00202,NRG Esports,9z Team,10069468,1021781,2024-04-18 01:00:00+00:00,2024-04-18 21:30:00+00:00,0.0
event-00203,NRG Esports,9INE,10073132,1544742,2024-08-26 22:00:00+00:00,2024-08-26 21:30:00+00:00,0.0
event-00204,NRG Esports,Team 3DMAX,2179840,2201529,2025-03-01 20:15:00+00:00,2025-03-02 12:30:00+00:00,0.0
event-00205,NRG Esports,VP.Prodigy,5903745,10090464,2026-01-04 18:00:00+00:00,2026-03-06 18:40:00+00:00,0.0
event-00206,NRG Esports,Ninjas in Pyjamas,6583936,6650156,2026-03-01 13:30:00+00:00,2026-03-02 18:30:00+00:00,0.0
event-00207,NRG Esports,BIG,10096058,7304356,2026-08-07 19:30:00+00:00,2026-08-09 15:45:00+00:00,0.0
event-00208,Natus Vincere,Team Spirit,3326361,2875927,2025-07-26 19:30:00+00:00,2025-05-17 17:00:00+00:00,12.0
event-00209,Natus Vincere Junior,Fire Flux Esports,1884959,10078133,2025-01-22 22:00:00+00:00,2025-01-27 22:00:00+00:00,0.0
event-00210,Nemiga Gaming,Passion UA,10070726,10070783,2024-06-04 18:00:00+00:00,2024-06-05 20:00:00+00:00,0.0
event-00211,Nemiga Gaming,Team Spirit,10083485,2845161,2025-07-14 18:00:00+00:00,2025-05-16 18:00:00+00:00,0.0
event-00212,Nemiga Gaming,1win Team,10088948,6165008,2026-01-19 15:00:00+00:00,2026-01-30 14:00:00+00:00,0.0
event-00213,Nemiga Gaming,ARCRED,10090394,10090405,2026-03-03 11:40:00+00:00,2026-03-04 16:00:00+00:00,5.0
event-00214,Nemiga Gaming,Phantom Esports,10096835,10096829,2026-08-23 22:35:00+00:00,2026-08-24 19:30:00+00:00,1.0
event-00215,Nexus Gaming,Team 3DMAX,10070257,1270060,2024-05-20 21:00:00+00:00,2024-05-23 17:00:00+00:00,0.0
event-00216,Nexus Gaming,ECSTATIC,1544745,10073609,2024-08-30 12:30:00+00:00,2024-08-31 13:30:00+00:00,0.0
event-00217,Nexus Gaming,Complexity,10080581,10080564,2025-04-02 14:00:00+00:00,2025-04-02 11:00:00+00:00,0.0
event-00218,Nexus Gaming,Betera,10083792,10085169,2025-07-30 11:00:00+00:00,2025-09-08 20:00:00+00:00,0.0
event-00219,Ninjas in Pyjamas,System5,1228883,1190137,2024-05-16 21:15:00+00:00,2024-05-14 21:00:00+00:00,0.0
event-00220,Ninjas in Pyjamas,PARIVISION,2016400,2028055,2025-02-05 13:00:00+00:00,2025-02-07 13:00:00+00:00,0.0
event-00221,Ninjas in Pyjamas,Team 3DMAX,3230306,3189496,2025-07-23 19:30:00+00:00,2025-07-15 12:00:00+00:00,0.0
event-00222,Ninjas in Pyjamas,Gentle Mates,5925545,5925547,2026-01-15 19:00:00+00:00,2026-01-15 14:00:00+00:00,0.0
event-00223,Ninjas in Pyjamas,BETBOOM TEAM,7302571,7302562,2026-07-01 12:25:00+00:00,2026-06-11 12:00:00+00:00,0.0
event-00224,Ninjas in Pyjamas,HOTU,7305546,7305542,2026-09-03 17:45:00+00:00,2026-09-04 14:30:00+00:00,0.0
event-00225,Ninjas in Pyjamas,Sashi Esport,7306075,10098349,2026-09-17 12:00:00+00:00,2026-09-16 19:00:00+00:00,0.0
event-00226,Nouns Esports,NRG Esports,780415,10066446,2024-01-13 05:00:00+00:00,2024-01-17 02:05:00+00:00,0.0
event-00227,Novaq,WHITEBIRD,5849508,6673874,2026-01-03 12:00:00+00:00,2026-03-03 17:50:00+00:00,5.0
event-00228,Novaq,TDK,10090350,10090336,2026-02-26 16:50:00+00:00,2026-02-27 14:00:00+00:00,0.0
event-00229,Nuclear TigeRES,HOTU,6021205,6085809,2026-01-17 20:00:00+00:00,2026-01-21 22:45:00+00:00,0.0
event-00230,ODDIK,Team Falcons,1438111,1370919,2024-07-30 20:00:00+00:00,2024-07-29 21:20:00+00:00,0.0
event-00231,ODDIK,Virtus.pro,2443551,2439953,2025-04-15 18:00:00+00:00,2025-04-11 18:00:00+00:00,0.0
event-00232,OG,Heroic,10065808,10065987,2024-01-08 23:30:00+00:00,2024-01-12 00:45:00+00:00,0.0
event-00233,OG,Fnatic,2201536,10079431,2025-03-03 15:00:00+00:00,2025-03-01 19:00:00+00:00,0.0
event-00234,OG,Metizport,2385484,2385482,2025-03-27 15:00:00+00:00,2025-03-27 21:30:00+00:00,0.0
event-00235,OG,K27,10088213,5633204,2025-12-12 15:00:00+00:00,2025-11-20 15:00:00+00:00,0.0
event-00236,OG,Novaq,10090742,10090685,2026-03-13 22:20:00+00:00,2026-03-09 21:35:00+00:00,0.0
event-00237,OG,DENDELE CS,10094499,7302984,2026-06-23 18:00:00+00:00,2026-06-27 16:30:00+00:00,0.0
event-00238,PARIVISION,ECSTATIC,10065807,10065855,2024-01-08 23:00:00+00:00,2024-01-09 22:30:00+00:00,0.0
event-00239,PARIVISION,Monte,1280229,1280229,2024-06-04 20:00:00+00:00,2024-06-04 20:00:00+00:00,0.0
event-00240,PARIVISION,B8 Esports,10083488,3230303,2025-07-14 21:20:00+00:00,2025-07-23 14:00:00+00:00,0.0
event-00241,PARIVISION,Natus Vincere,5925548,6363780,2026-01-16 13:00:00+00:00,2026-02-16 11:00:00+00:00,0.0
event-00242,PARIVISION,Sinners Esports,10094328,10094807,2026-07-01 17:15:00+00:00,2026-07-02 17:00:00+00:00,0.0
event-00243,PARIVISION,JiJieHao,7304379,7304465,2026-08-12 17:45:00+00:00,2026-08-13 14:00:00+00:00,0.0
event-00244,Party Astronauts,Monte,1024296,1059257,2024-04-03 00:30:00+00:00,2024-04-03 16:30:00+00:00,0.0
event-00245,Party Astronauts,Team Falcons,10070291,1247983,2024-05-21 05:00:00+00:00,2024-05-17 15:00:00+00:00,0.0
event-00246,Party Astronauts,9Pandas,10071161,1312037,2024-06-14 11:00:00+00:00,2024-06-10 14:30:00+00:00,0.0
event-00247,Passion UA,Sprout,10067350,858553,2024-02-27 17:00:00+00:00,2024-02-27 14:00:00+00:00,0.0
event-00248,Passion UA,Natus Vincere Junior,10081508,2563020,2025-05-05 17:00:00+00:00,2025-05-06 21:00:00+00:00,0.0
event-00249,Passion UA,ECSTATIC,3877277,10083865,2025-08-29 17:15:00+00:00,2025-08-01 21:00:00+00:00,0.0
event-00250,Passion UA,HOTU,6333767,6452396,2026-02-19 22:00:00+00:00,2026-02-19 23:25:00+00:00,0.0
event-00251,Preasy Esport,ECSTATIC,10066420,797881,2024-01-18 19:10:00+00:00,2024-01-20 15:00:00+00:00,0.0
event-00252,RED Canids,GamerLegion,676204,699859,2023-11-23 21:00:00+00:00,2023-11-24 22:20:00+00:00,0.0
event-00253,RED Canids,MOUZ,10069156,1086655,2024-04-04 18:00:00+00:00,2024-04-08 15:30:00+00:00,0.0
event-00254,RED Canids,Astralis,10070276,1213482,2024-05-12 21:00:00+00:00,2024-05-10 17:15:00+00:00,0.0
event-00255,RED Canids,Bleed Esports,10072643,1473026,2024-08-03 22:30:00+00:00,2024-08-06 13:00:00+00:00,0.0
event-00256,RUSH B,9Pandas,10076546,10075643,2024-11-24 15:00:00+00:00,2024-10-28 14:35:00+00:00,0.0
event-00257,Rebels Gaming,MOUZ NXT,1136376,10069693,2024-04-26 07:15:00+00:00,2024-04-24 12:00:00+00:00,0.0
event-00258,Rebels Gaming,Permitta Esports,10074454,10074780,2024-09-24 19:00:00+00:00,2024-10-02 11:00:00+00:00,0.0
event-00259,Rooster,Rebels Gaming,10067747,10067181,2024-02-22 08:30:00+00:00,2024-02-04 21:30:00+00:00,0.0
event-00260,Rooster,Young Ninjas,1524768,10073243,2024-08-21 09:30:00+00:00,2024-08-18 12:30:00+00:00,0.0
event-00261,SAW,9Pandas,10064845,10064840,2023-11-16 18:00:00+00:00,2023-11-14 15:00:00+00:00,0.0
event-00262,SAW,Eternal Fire,1873445,1988989,2025-01-15 16:30:00+00:00,2025-02-01 15:30:00+00:00,0.0
event-00263,SAW,Heroic,2179844,2208084,2025-03-01 15:00:00+00:00,2025-03-03 12:30:00+00:00,0.0
event-00264,SAW,FURIA Esports,3189461,3189461,2025-07-15 16:15:00+00:00,2025-07-15 16:15:00+00:00,0.0
event-00265,SPARTA Esports,Nemiga Gaming,7302558,7301220,2026-06-10 11:00:00+00:00,2026-05-13 11:00:00+00:00,0.0
event-00266,Sangal Esports,NRG Esports,10065847,10066159,2024-01-09 19:55:00+00:00,2024-01-15 06:20:00+00:00,0.0
event-00267,Sangal Esports,Fnatic,10084437,10084442,2025-08-10 18:30:00+00:00,2025-08-11 17:00:00+00:00,1.0
event-00268,Sangal Esports,Natus Vincere,10088885,6349583,2026-01-17 20:00:00+00:00,2026-02-15 11:00:00+00:00,0.0
event-00269,Sangal Esports,Phantom Esports,7304138,7304326,2026-08-07 19:00:00+00:00,2026-08-09 12:00:00+00:00,1.0
event-00270,Sashi Esport,Nemiga Gaming,10077715,2407393,2025-01-13 12:00:00+00:00,2025-04-02 18:30:00+00:00,0.0
event-00271,Sashi Esport,GamerLegion,10083480,3332474,2025-07-14 12:00:00+00:00,2025-07-27 17:00:00+00:00,2.0
event-00272,Sashi Esport,Nemiga Gaming,10089500,7299149,2026-01-30 12:00:00+00:00,2026-04-04 20:10:00+00:00,1.0
event-00273,Sashi Esport,Walczaki,10094077,7302944,2026-06-16 11:00:00+00:00,2026-06-25 18:00:00+00:00,1.0
event-00274,Sashi Esport,BCGame,7304143,7304253,2026-08-07 19:00:00+00:00,2026-08-07 15:50:00+00:00,0.0
event-00275,Sharks Esports,Guild Eagles,1024299,1059240,2024-04-02 22:30:00+00:00,2024-04-03 17:00:00+00:00,0.0
event-00276,Sharks Esports,Astralis,10070277,1221621,2024-05-11 21:00:00+00:00,2024-05-11 17:15:00+00:00,0.0
event-00277,Sinners Esports,Complexity,778715,10066123,2024-01-11 18:00:00+00:00,2024-01-14 04:00:00+00:00,0.0
event-00278,Sinners Esports,MOUZ NXT,10070255,10070263,2024-05-20 15:10:00+00:00,2024-05-22 15:00:00+00:00,0.0
event-00279,Sinners Esports,Nemiga Gaming,10077716,2239178,2025-01-13 15:00:00+00:00,2025-03-08 22:00:00+00:00,1.0
event-00280,Sinners Esports,Dynamo Eclot,3436438,10082841,2025-08-09 14:00:00+00:00,2025-06-13 11:00:00+00:00,0.0
event-00281,Sinners Esports,Natus Vincere,5925543,5925550,2026-01-16 15:55:00+00:00,2026-01-14 18:35:00+00:00,0.0
event-00282,Sprout,Aurora Gaming,10067093,907491,2024-01-29 14:00:00+00:00,2024-02-29 13:00:00+00:00,0.0
event-00283,TEAM NEXT LEVEL,Insilio,2047721,2356866,2025-02-10 13:00:00+00:00,2025-03-22 18:00:00+00:00,0.0
event-00284,TSM,Nemiga Gaming,1435176,10073137,2024-07-28 15:30:00+00:00,2024-08-14 23:25:00+00:00,0.0
event-00285,TSM,Nemiga Gaming,1670829,1664426,2024-09-30 14:20:00+00:00,2024-09-28 16:30:00+00:00,0.0
event-00286,TYLOO,Eternal Fire,10066187,10066417,2024-01-19 09:00:00+00:00,2024-01-18 18:00:00+00:00,0.0
event-00287,TYLOO,AMKAL Esports,10069479,1132432,2024-04-17 13:00:00+00:00,2024-04-19 16:30:00+00:00,0.0
event-00288,TYLOO,AMKAL Esports,2179843,2394009,2025-03-01 15:00:00+00:00,2025-03-28 15:00:00+00:00,0.0
event-00289,TYLOO,Aurora Gaming,6495927,7227693,2026-03-19 00:50:00+00:00,2026-03-28 17:00:00+00:00,0.0
event-00290,Team 3DMAX,Nexus Gaming,1075378,10069655,2024-04-11 16:00:00+00:00,2024-04-18 21:00:00+00:00,0.0
event-00291,Team 3DMAX,The Mongolz,2047717,1849249,2025-02-10 16:30:00+00:00,2024-12-06 11:10:00+00:00,0.0
event-00292,Team 3DMAX,FUT Esports,6583938,6583941,2026-03-01 22:00:00+00:00,2026-03-01 18:50:00+00:00,0.0
event-00293,Team 3DMAX,Monte,7302571,7302468,2026-07-01 12:25:00+00:00,2026-06-06 15:30:00+00:00,0.0
event-00294,Team Falcons,Astralis,787383,806778,2024-01-22 20:25:00+00:00,2024-01-23 19:30:00+00:00,0.0
event-00295,Team Falcons,Virtus.pro,1729291,1835859,2024-10-21 12:30:00+00:00,2024-11-21 16:25:00+00:00,0.0
event-00296,Team Falcons,Eternal Fire,1873524,1994815,2025-01-15 18:45:00+00:00,2025-02-02 18:45:00+00:00,0.0
event-00297,Team Falcons,BIG,2458843,2458849,2025-04-21 13:00:00+00:00,2025-04-21 08:05:00+00:00,0.0
event-00298,Team Falcons,Team Liquid,3326400,3339651,2025-07-26 14:30:00+00:00,2025-07-28 17:00:00+00:00,0.0
event-00299,Team Falcons,MOUZ,7300883,7301749,2026-05-09 13:30:00+00:00,2026-05-21 06:00:00+00:00,0.0
event-00300,Team Liquid,FaZe Clan,1370915,1370918,2024-07-31 20:30:00+00:00,2024-07-31 13:00:00+00:00,0.0
event-00301,Team Liquid,PARIVISION,1873562,2401340,2025-01-14 19:40:00+00:00,2025-03-29 22:15:00+00:00,0.0
event-00302,Team Liquid,Rare Atom,2406992,2428697,2025-04-06 15:00:00+00:00,2025-04-07 10:00:00+00:00,0.0
event-00303,Team Liquid,ARCRED,10086018,10085720,2025-09-28 10:00:00+00:00,2025-09-22 20:15:00+00:00,0.0
event-00304,Team Liquid,ex-Zero Tenacity,10090729,10090706,2026-03-13 13:00:00+00:00,2026-03-11 15:00:00+00:00,0.0
event-00305,Team Liquid,Legacy,6495925,6846775,2026-03-19 17:00:00+00:00,2026-03-13 15:15:00+00:00,0.0
event-00306,Team Liquid,Echo,7303458,7303672,2026-07-24 18:50:00+00:00,2026-07-24 16:00:00+00:00,0.0
event-00307,Team Nemesis,HOTU,6546396,10090347,2026-02-25 18:30:00+00:00,2026-02-26 13:00:00+00:00,0.0
event-00308,Team Space,Aurora Gaming,10070248,1280231,2024-05-23 11:00:00+00:00,2024-06-04 20:00:00+00:00,0.0
event-00309,Team Spirit,Natus Vincere,3326359,2845163,2025-07-27 14:30:00+00:00,2025-05-16 11:00:00+00:00,0.0
event-00310,Team Spirit,Gentle Mates,4669945,4723690,2025-10-04 11:30:00+00:00,2025-10-06 11:30:00+00:00,0.0
event-00311,Team Spirit,BetBoom Team,5925543,6294995,2026-01-16 15:55:00+00:00,2026-02-11 19:00:00+00:00,0.0
event-00312,Team Vitality,Rare Atom,1725740,1518112,2024-11-17 07:00:00+00:00,2024-08-21 17:30:00+00:00,0.0
event-00313,Team Vitality,Astralis,1873600,2009094,2025-01-15 21:30:00+00:00,2025-02-04 15:30:00+00:00,0.0
event-00314,Team Vitality,FURIA Esports,7304689,7306361,2026-08-27 12:00:00+00:00,2026-09-17 20:10:00+00:00,1.0
event-00315,Team Vitality,BBL Esports,7306362,7306574,2026-09-17 16:10:00+00:00,2026-09-13 11:00:00+00:00,0.0
event-00316,The Huns Esports,Team 3DMAX,4602089,4784809,2025-10-14 06:00:00+00:00,2025-10-08 17:00:00+00:00,0.0
event-00317,The Mongolz,Team Vitality,5166827,6176382,2025-11-03 10:00:00+00:00,2026-01-31 22:15:00+00:00,92.0
event-00318,The Mongolz,MOUZ NXT,6176203,10089829,2026-01-31 16:00:00+00:00,2026-02-08 20:00:00+00:00,0.0
event-00319,The Mongolz,Team Spirit,7303454,7304024,2026-07-24 15:15:00+00:00,2026-08-02 13:30:00+00:00,0.0
event-00320,VP.Prodigy,Hesta,10080469,10080471,2025-03-07 17:00:00+00:00,2025-03-15 20:00:00+00:00,12.0
event-00321,Virtus.pro,MIBR,1123908,1196841,2024-04-23 14:30:00+00:00,2024-05-15 16:00:00+00:00,0.0
event-00322,Virtus.pro,Nemiga Gaming,1873442,2208083,2025-01-16 14:00:00+00:00,2025-03-03 15:00:00+00:00,0.0
event-00323,Virtus.pro,Team 3DMAX,3189494,3067305,2025-07-15 19:00:00+00:00,2025-06-12 19:10:00+00:00,0.0
event-00324,Virtus.pro,TYLOO,3993903,3993905,2025-09-12 17:10:00+00:00,2025-09-12 11:00:00+00:00,0.0
event-00325,Virtus.pro,FlyQuest,5167054,5295969,2025-11-03 07:30:00+00:00,2025-10-28 15:05:00+00:00,0.0
event-00326,Virtus.pro,9z Team,7301660,10093491,2026-05-26 18:00:00+00:00,2026-05-28 16:45:00+00:00,0.0
event-00327,WOPA Esport,EYEBALLERS,3672276,10084713,2025-08-18 13:30:00+00:00,2025-08-19 11:00:00+00:00,0.0
event-00328,WW Team,INOX Division,10091603,7302868,2026-04-03 18:00:00+00:00,2026-06-21 11:00:00+00:00,3.0
event-00329,WW Team,magic,10092888,7298950,2026-05-06 17:00:00+00:00,2026-04-04 15:00:00+00:00,0.0
event-00330,Walczaki,INOX Division,10094076,7302855,2026-06-15 13:30:00+00:00,2026-06-20 13:30:00+00:00,1.0
event-00331,Wildcard Gaming,9Pandas,1518629,1549394,2024-08-26 21:15:00+00:00,2024-08-27 14:20:00+00:00,0.0
event-00332,Wildcard Gaming,BIG,3189462,3412970,2025-07-15 12:00:00+00:00,2025-08-07 13:00:00+00:00,0.0
event-00333,Wildcard Gaming,FaZe Clan,7303443,7303887,2026-07-21 20:55:00+00:00,2026-07-31 15:30:00+00:00,0.0
event-00334,Young Ninjas,Gaimin Gladiators,10069655,10069692,2024-04-18 21:00:00+00:00,2024-04-23 16:00:00+00:00,0.0
event-00335,Zero Tenacity,Nemiga Gaming,10082829,10082035,2025-06-10 11:00:00+00:00,2025-05-18 16:00:00+00:00,79.0
event-00336,ex-RUBY,Echo,10093442,10095555,2026-05-28 20:15:00+00:00,2026-07-22 19:30:00+00:00,0.0
event-00337,illwill,Inner Circle,10090104,10090142,2026-02-16 21:30:00+00:00,2026-02-17 15:40:00+00:00,0.0
event-00338,illwill,The Mongolz,7287898,7124116,2026-03-31 14:00:00+00:00,2026-03-23 23:45:00+00:00,0.0
event-00339,kONO,Nuclear TigeRES,10089200,10089193,2026-01-23 18:00:00+00:00,2026-01-23 12:00:00+00:00,0.0
event-00340,magic,B8 Esports,7287897,7299261,2026-03-31 17:00:00+00:00,2026-04-06 13:15:00+00:00,0.0
event-00341,paiN Gaming,Apeks,1065684,10069111,2024-04-05 19:00:00+00:00,2024-04-08 16:00:00+00:00,0.0
event-00342,paiN Gaming,Aurora Gaming,1223282,1244214,2024-05-18 20:15:00+00:00,2024-05-16 20:25:00+00:00,0.0
event-00343,paiN Gaming,Nemiga Gaming,1873443,2215052,2025-01-17 14:00:00+00:00,2025-03-04 15:30:00+00:00,0.0
event-00344,paiN Gaming,FUT Esports,5925542,6748634,2026-01-16 18:00:00+00:00,2026-03-07 19:20:00+00:00,0.0
event-00345,paiN Gaming,Legacy,7300795,7301250,2026-05-11 18:30:00+00:00,2026-05-13 03:00:00+00:00,0.0
event-00346,Польша,Metizport,10075397,10076745,2024-11-13 16:00:00+00:00,2024-12-05 15:00:00+00:00,0.0
event-00347,Румыния,Германия,10075426,10075411,2024-11-14 18:00:00+00:00,2024-11-14 14:00:00+00:00,0.0
