team,month,datetime,elo
Aurora Gaming,2023-10,2023-10-31 21:00:00+00:00,1548.0999877744339
Aurora Gaming,2023-11,2023-11-20 20:55:00+00:00,1450.8825805653005
Aurora Gaming,2023-12,2023-12-13 18:00:00+00:00,1510.435478833427
Aurora Gaming,2024-01,2024-01-19 22:00:00+00:00,1463.522388826274
Aurora Gaming,2024-02,2024-02-29 21:30:00+00:00,1542.1415297766207
Aurora Gaming,2024-03,2024-03-28 20:00:00+00:00,1649.0674968258193
Aurora Gaming,2024-04,2024-04-28 12:30:00+00:00,1691.3314225011607
Aurora Gaming,2024-05,2024-05-29 13:30:00+00:00,1625.9770200416997
Aurora Gaming,2024-06,2024-06-16 11:00:00+00:00,1573.1059605049595
Aurora Gaming,2024-07,2024-07-28 13:50:00+00:00,1592.9597951003932
Aurora Gaming,2024-08,2024-08-30 20:30:00+00:00,1562.2748434859666
Aurora Gaming,2024-09,2024-09-28 16:45:00+00:00,1591.4583423589372
Aurora Gaming,2024-10,2024-10-24 18:30:00+00:00,1507.6083911104572
Aurora Gaming,2024-11,2024-11-23 07:00:00+00:00,1507.0562244207774
Aurora Gaming,2025-01,2025-01-28 22:00:00+00:00,1460.3638390373442
Aurora Gaming,2025-02,2025-02-26 22:00:00+00:00,1481.0932059990625
Aurora Gaming,2025-03,2025-03-31 19:00:00+00:00,1474.4565638705778
Aurora Gaming,2025-04,2025-04-11 14:45:00+00:00,1512.6078979531815
Aurora Gaming,2025-05,2025-05-23 21:15:00+00:00,1627.060293156874
Aurora Gaming,2025-06,2025-06-14 20:25:00+00:00,1613.9842128840353
Aurora Gaming,2025-07,2025-07-29 14:30:00+00:00,1618.9138840358262
Aurora Gaming,2025-08,2025-08-24 13:40:00+00:00,1696.0724118303576
Aurora Gaming,2025-09,2025-09-19 15:20:00+00:00,1726.7418978082856
Aurora Gaming,2025-10,2025-10-31 17:15:00+00:00,1726.0689983623631
Aurora Gaming,2025-11,2025-11-30 18:00:00+00:00,1717.3058369183584
Aurora Gaming,2025-12,2025-12-01 19:20:00+00:00,1698.2921707485318
Aurora Gaming,2026-01,2026-01-30 19:10:00+00:00,1707.4268763751495
Aurora Gaming,2026-02,2026-02-20 18:55:00+00:00,1744.7276258281408
Aurora Gaming,2026-03,2026-03-31 21:35:00+00:00,1798.7569856581983
Aurora Gaming,2026-04,2026-04-15 23:30:00+00:00,1775.6432208273118
Aurora Gaming,2026-05,2026-05-15 08:00:00+00:00,1768.890888704291
Aurora Gaming,2026-06,2026-06-20 16:45:00+00:00,1804.848073835272
Aurora Gaming,2026-07,2026-07-26 16:00:00+00:00,1810.1692568017213
Aurora Gaming,2026-08,2026-08-31 14:30:00+00:00,1780.0626395938832
Aurora Gaming,2026-09,2026-09-20 18:00:00+00:00,1820.8559004856431
Aurora Gaming,2026-10,2026-10-03 17:00:00+00:00,1831.5379907738209
B8 Esports,2023-10,2023-10-31 21:00:00+00:00,1485.2159817372958
B8 Esports,2023-11,2023-11-22 21:00:00+00:00,1463.9432272698282
B8 Esports,2024-01,2024-01-15 22:20:00+00:00,1426.3474473676333
B8 Esports,2024-02,2024-02-18 16:00:00+00:00,1446.688362018425
B8 Esports,2024-03,2024-03-31 16:00:00+00:00,1548.6023194939144
B8 Esports,2024-04,2024-04-23 19:00:00+00:00,1455.9424379898344
B8 Esports,2024-05,2024-05-30 18:00:00+00:00,1607.6391828825995
B8 Esports,2024-06,2024-06-16 19:00:00+00:00,1638.2251215843087
B8 Esports,2024-07,2024-07-27 12:00:00+00:00,1612.3243684211702
B8 Esports,2024-08,2024-08-29 12:30:00+00:00,1629.9262176133109
B8 Esports,2024-09,2024-09-28 20:30:00+00:00,1660.9064166508465
B8 Esports,2024-10,2024-10-27 20:40:00+00:00,1665.7470580720437
B8 Esports,2024-11,2024-11-22 12:20:00+00:00,1614.9796846020572
B8 Esports,2024-12,2024-12-12 12:00:00+00:00,1594.4432790339938
B8 Esports,2025-01,2025-01-30 15:00:00+00:00,1624.8848157099528
B8 Esports,2025-02,2025-02-26 22:00:00+00:00,1718.5948419406218
B8 Esports,2025-03,2025-03-31 17:00:00+00:00,1708.8442754383882
B8 Esports,2025-04,2025-04-30 14:10:00+00:00,1757.5934867832004
B8 Esports,2025-05,2025-05-11 21:00:00+00:00,1759.1798120201502
B8 Esports,2025-06,2025-06-10 20:30:00+00:00,1751.0518796010977
B8 Esports,2025-07,2025-07-24 17:00:00+00:00,1710.0958757640628
B8 Esports,2025-08,2025-08-30 12:20:00+00:00,1679.0351199481893
B8 Esports,2025-09,2025-09-30 14:00:00+00:00,1694.2651241376582
B8 Esports,2025-10,2025-10-31 11:00:00+00:00,1657.6785663566604
B8 Esports,2025-11,2025-11-30 22:00:00+00:00,1699.7679943218795
B8 Esports,2025-12,2025-12-07 17:00:00+00:00,1723.4351476922745
B8 Esports,2026-01,2026-01-29 16:00:00+00:00,1681.7326361099
B8 Esports,2026-02,2026-02-17 15:05:00+00:00,1665.426978388329
B8 Esports,2026-03,2026-03-20 14:00:00+00:00,1630.4743785398039
B8 Esports,2026-04,2026-04-15 19:00:00+00:00,1629.5824488393953
B8 Esports,2026-05,2026-05-22 11:45:00+00:00,1654.640018661049
B8 Esports,2026-06,2026-06-13 12:00:00+00:00,1675.6876026229004
B8 Esports,2026-07,2026-07-10 16:00:00+00:00,1642.788089071052
B8 Esports,2026-08,2026-08-20 16:30:00+00:00,1685.100840564652
B8 Esports,2026-09,2026-09-22 17:00:00+00:00,1757.2234987351935
B8 Esports,2026-10,2026-10-02 13:00:00+00:00,1711.5024522582746
BetBoom Team,2023-10,2023-10-25 15:00:00+00:00,1482.127990708721
BetBoom Team,2023-11,2023-11-18 20:30:00+00:00,1533.1920369600489
BetBoom Team,2023-12,2023-12-13 15:00:00+00:00,1539.4197140013773
BetBoom Team,2024-01,2024-01-31 17:30:00+00:00,1554.6847637583737
BetBoom Team,2024-02,2024-02-28 16:00:00+00:00,1495.9448448784897
BetBoom Team,2024-03,2024-03-27 21:00:00+00:00,1534.4315238434258
BetBoom Team,2024-04,2024-04-30 14:00:00+00:00,1588.7744066030114
BetBoom Team,2024-05,2024-05-25 18:00:00+00:00,1582.732487048947
BetBoom Team,2024-06,2024-06-07 16:15:00+00:00,1610.2970802276998
BetBoom Team,2024-08,2024-08-26 18:30:00+00:00,1628.3800354090288
BetBoom Team,2024-09,2024-09-28 20:30:00+00:00,1682.3103134734993
BetBoom Team,2024-10,2024-10-11 14:35:00+00:00,1628.6257191772936
BetBoom Team,2024-11,2024-11-20 16:20:00+00:00,1661.270347835962
BetBoom Team,2025-01,2025-01-29 00:00:00+00:00,1670.6524932327377
BetBoom Team,2025-02,2025-02-11 22:00:00+00:00,1636.5016435753741
BetBoom Team,2025-03,2025-03-30 18:00:00+00:00,1650.1570150816342
BetBoom Team,2025-04,2025-04-27 14:00:00+00:00,1696.6259350689704
BetBoom Team,2025-05,2025-05-15 18:30:00+00:00,1651.7567459526633
BetBoom Team,2025-06,2025-06-08 22:50:00+00:00,1626.7425176119154
BetBoom Team,2025-07,2025-07-19 18:40:00+00:00,1651.9040030925491
BetBoom Team,2025-08,2025-08-31 19:35:00+00:00,1752.7710358308088
BetBoom Team,2025-09,2025-09-30 17:30:00+00:00,1724.1401185466016
BetBoom Team,2025-10,2025-10-29 13:05:00+00:00,1688.4632312759934
BetBoom Team,2025-11,2025-11-23 20:00:00+00:00,1735.847361971191
BetBoom Team,2025-12,2025-12-13 18:00:00+00:00,1720.5004437723744
BetBoom Team,2026-01,2026-01-28 18:00:00+00:00,1761.2144832220515
BetBoom Team,2026-02,2026-02-28 21:05:00+00:00,1761.339329624344
BetBoom Team,2026-03,2026-03-30 20:10:00+00:00,1777.553069190057
FURIA Esports,2023-10,2023-10-31 21:10:00+00:00,1532.2683417424432
FURIA Esports,2023-11,2023-11-30 18:00:00+00:00,1515.8499524478289
FURIA Esports,2023-12,2023-12-08 16:10:00+00:00,1552.7926759795025
FURIA Esports,2024-01,2024-01-31 20:45:00+00:00,1538.6844544197406
FURIA Esports,2024-02,2024-02-24 02:30:00+00:00,1528.448119465283
FURIA Esports,2024-03,2024-03-22 21:20:00+00:00,1552.112195918119
FURIA Esports,2024-04,2024-04-30 20:30:00+00:00,1521.7160654534227
FURIA Esports,2024-05,2024-05-30 15:00:00+00:00,1537.0496772221532
FURIA Esports,2024-06,2024-06-08 20:30:00+00:00,1584.7392378705638
FURIA Esports,2024-07,2024-07-19 18:55:00+00:00,1615.5119245482504
FURIA Esports,2024-08,2024-08-30 14:00:00+00:00,1635.877676186102
FURIA Esports,2024-09,2024-09-17 17:15:00+00:00,1644.6070443849146
FURIA Esports,2024-10,2024-10-12 21:50:00+00:00,1693.27203490216
FURIA Esports,2024-11,2024-11-30 14:50:00+00:00,1685.815997171938
FURIA Esports,2024-12,2024-12-08 12:10:00+00:00,1705.9545165047218
FURIA Esports,2025-01,2025-01-31 15:30:00+00:00,1725.3402955682536
FURIA Esports,2025-02,2025-02-03 18:00:00+00:00,1693.3407182248884
FURIA Esports,2025-03,2025-03-22 16:20:00+00:00,1623.614560352548
FURIA Esports,2025-04,2025-04-09 15:55:00+00:00,1602.7092393336186
FURIA Esports,2025-05,2025-05-21 21:00:00+00:00,1619.983426664529
FURIA Esports,2025-06,2025-06-20 03:20:00+00:00,1684.2023681624432
FURIA Esports,2025-07,2025-07-29 21:15:00+00:00,1727.2480272684322
FURIA Esports,2025-08,2025-08-30 21:30:00+00:00,1745.6043593982934
FURIA Esports,2025-09,2025-09-30 19:00:00+00:00,1782.3897469374149
FURIA Esports,2025-10,2025-10-19 18:55:00+00:00,1859.0574316141174
FURIA Esports,2025-11,2025-11-16 11:00:00+00:00,1963.6572131760713
FURIA Esports,2025-12,2025-12-12 22:00:00+00:00,1961.396211831446
FURIA Esports,2026-01,2026-01-31 18:30:00+00:00,1926.7778981732013
FURIA Esports,2026-02,2026-02-20 21:50:00+00:00,1940.5309765663355
FURIA Esports,2026-03,2026-03-23 16:30:00+00:00,1850.491596541963
FURIA Esports,2026-04,2026-04-30 23:30:00+00:00,1817.3145496156183
FURIA Esports,2026-05,2026-05-15 18:40:00+00:00,1819.8105728537196
FURIA Esports,2026-06,2026-06-21 18:00:00+00:00,1873.7800591438388
FURIA Esports,2026-07,2026-07-24 21:00:00+00:00,1845.4165263082152
FURIA Esports,2026-08,2026-08-31 12:00:00+00:00,1856.736798172889
FURIA Esports,2026-09,2026-09-20 15:00:00+00:00,1844.7530690560952
FURIA Esports,2026-10,2026-10-03 20:30:00+00:00,1857.0566304668846
Fnatic,2023-10,2023-10-29 12:00:00+00:00,1443.4549379980533
Fnatic,2023-11,2023-11-29 21:15:00+00:00,1416.3804003910075
Fnatic,2024-01,2024-01-30 21:20:00+00:00,1503.532457536451
Fnatic,2024-02,2024-02-28 22:00:00+00:00,1458.0686955182446
Fnatic,2024-03,2024-03-23 14:00:00+00:00,1529.9823740687707
Fnatic,2024-04,2024-04-30 11:00:00+00:00,1528.6195984076433
Fnatic,2024-05,2024-05-31 17:30:00+00:00,1544.3278430260807
Fnatic,2024-06,2024-06-17 02:00:00+00:00,1553.4900855632925
Fnatic,2024-07,2024-07-31 12:00:00+00:00,1606.914921736228
Fnatic,2024-08,2024-08-29 15:30:00+00:00,1644.9314884113146
Fnatic,2024-09,2024-09-24 17:00:00+00:00,1587.3275235002636
Fnatic,2024-10,2024-10-26 16:25:00+00:00,1590.673259950003
Fnatic,2024-11,2024-11-30 11:50:00+00:00,1590.5375212075103
Fnatic,2024-12,2024-12-01 08:20:00+00:00,1572.1167711780254
Fnatic,2025-01,2025-01-30 15:00:00+00:00,1574.9563700803787
Fnatic,2025-02,2025-02-26 22:00:00+00:00,1605.7269677977213
Fnatic,2025-03,2025-03-30 17:00:00+00:00,1633.5941554832225
Fnatic,2025-04,2025-04-16 11:00:00+00:00,1604.2996537114852
Fnatic,2025-05,2025-05-31 21:00:00+00:00,1585.0119230842186
Fnatic,2025-06,2025-06-01 19:00:00+00:00,1620.5098605244852
Fnatic,2025-07,2025-07-15 20:30:00+00:00,1585.514992943282
Fnatic,2025-08,2025-08-31 18:00:00+00:00,1690.0997439596224
Fnatic,2025-09,2025-09-28 10:00:00+00:00,1635.1396808410561
Fnatic,2025-10,2025-10-29 16:20:00+00:00,1602.5075637346274
Fnatic,2025-11,2025-11-30 18:00:00+00:00,1602.5878179472936
Fnatic,2025-12,2025-12-01 17:00:00+00:00,1580.5269105369246
Fnatic,2026-01,2026-01-22 01:15:00+00:00,1528.8040688577132
Fnatic,2026-02,2026-02-27 18:00:00+00:00,1561.2790392055308
Fnatic,2026-03,2026-03-31 22:15:00+00:00,1567.0227243320894
Fnatic,2026-04,2026-04-30 20:00:00+00:00,1603.067625125814
Fnatic,2026-05,2026-05-27 20:00:00+00:00,1574.3755197483194
Fnatic,2026-08,2026-08-09 18:30:00+00:00,1611.433281142204
Fnatic,2026-09,2026-09-25 11:00:00+00:00,1642.7010400886234
Fnatic,2026-10,2026-10-03 20:30:00+00:00,1652.8571510094846
Heroic,2023-10,2023-10-31 15:00:00+00:00,1521.2102850344554
Heroic,2023-11,2023-11-24 17:30:00+00:00,1490.902409128328
Heroic,2023-12,2023-12-14 14:30:00+00:00,1468.7628562071282
Heroic,2024-01,2024-01-31 22:10:00+00:00,1566.1588763920165
Heroic,2024-02,2024-02-22 19:00:00+00:00,1581.502444795245
Heroic,2024-03,2024-03-23 21:45:00+00:00,1617.5421780062632
Heroic,2024-04,2024-04-30 17:30:00+00:00,1600.4105061775101
Heroic,2024-05,2024-05-31 21:00:00+00:00,1611.8390009968066
Heroic,2024-06,2024-06-06 18:30:00+00:00,1594.9898283690861
Heroic,2024-07,2024-07-30 13:00:00+00:00,1602.3599272330932
Heroic,2024-08,2024-08-29 15:50:00+00:00,1598.5519746422704
Heroic,2024-09,2024-09-18 14:00:00+00:00,1614.5329164898217
Heroic,2024-10,2024-10-26 16:25:00+00:00,1712.5283322293094
Heroic,2024-11,2024-11-23 10:00:00+00:00,1708.5887178281982
Heroic,2024-12,2024-12-13 09:00:00+00:00,1724.471551908161
Heroic,2025-01,2025-01-31 18:00:00+00:00,1721.9547550087484
Heroic,2025-02,2025-02-20 16:00:00+00:00,1741.246399588525
Heroic,2025-03,2025-03-11 15:00:00+00:00,1702.7289823913443
Heroic,2025-04,2025-04-30 10:55:00+00:00,1786.9364570796686
Heroic,2025-05,2025-05-22 00:00:00+00:00,1785.7947041451364
Heroic,2025-06,2025-06-10 18:00:00+00:00,1765.6471327097552
Heroic,2025-07,2025-07-28 14:30:00+00:00,1700.8384586135676
Heroic,2025-08,2025-08-22 17:30:00+00:00,1709.9879694160054
Heroic,2025-09,2025-09-30 19:15:00+00:00,1627.5191658872466
Heroic,2025-10,2025-10-31 11:00:00+00:00,1671.1093597482704
Heroic,2025-11,2025-11-23 17:10:00+00:00,1686.7745674664884
Heroic,2026-01,2026-01-30 16:00:00+00:00,1671.6966822296297
Heroic,2026-02,2026-02-17 17:25:00+00:00,1647.3547251439784
Heroic,2026-03,2026-03-30 15:45:00+00:00,1642.7242608388813
Heroic,2026-04,2026-04-03 19:45:00+00:00,1633.9475969873395
Heroic,2026-05,2026-05-28 16:45:00+00:00,1582.0491726927871
Heroic,2026-06,2026-06-04 20:00:00+00:00,1543.9805883557356
Heroic,2026-07,2026-07-25 19:00:00+00:00,1552.6711721572449
Heroic,2026-08,2026-08-09 15:00:00+00:00,1576.6111842122796
Heroic,2026-09,2026-09-26 20:10:00+00:00,1736.3135800771906
Monte,2023-10,2023-10-31 21:00:00+00:00,1613.022179812383
Monte,2023-11,2023-11-26 20:15:00+00:00,1627.1873643701695
Monte,2023-12,2023-12-17 19:45:00+00:00,1601.670794791487
Monte,2024-02,2024-02-29 16:00:00+00:00,1587.8353715182084
Monte,2024-03,2024-03-31 19:00:00+00:00,1525.7452910493587
Monte,2024-04,2024-04-30 20:30:00+00:00,1539.6530647075433
Monte,2024-05,2024-05-28 01:20:00+00:00,1543.409655273201
Monte,2024-06,2024-06-16 13:00:00+00:00,1534.8051536345104
Monte,2024-07,2024-07-27 15:00:00+00:00,1568.3453284322975
Monte,2024-08,2024-08-31 16:30:00+00:00,1609.2092608922565
Monte,2024-09,2024-09-30 17:00:00+00:00,1636.5478264423725
Monte,2024-10,2024-10-27 14:30:00+00:00,1629.2306307965823
Monte,2024-11,2024-11-24 17:00:00+00:00,1631.8039319592558
Monte,2024-12,2024-12-13 15:00:00+00:00,1612.2262136854279
Monte,2025-01,2025-01-31 15:00:00+00:00,1633.9667161530197
Monte,2025-02,2025-02-28 22:30:00+00:00,1608.8983326108857
Monte,2025-03,2025-03-29 21:00:00+00:00,1543.2064386883899
Monte,2025-04,2025-04-02 21:00:00+00:00,1537.6468051505508
Monte,2025-05,2025-05-28 17:15:00+00:00,1521.3677583524445
Monte,2025-06,2025-06-19 11:00:00+00:00,1537.506951595362
Monte,2025-07,2025-07-31 20:00:00+00:00,1509.1296711183882
Monte,2025-08,2025-08-31 18:00:00+00:00,1567.2958951339178
Monte,2025-09,2025-09-29 11:30:00+00:00,1546.9445363771376
Monte,2025-10,2025-10-30 15:00:00+00:00,1544.7778159644856
Monte,2025-11,2025-11-06 21:30:00+00:00,1529.2475631813052
Monte,2026-01,2026-01-17 22:40:00+00:00,1552.2507478246646
Monte,2026-02,2026-02-21 22:00:00+00:00,1571.0711232186031
Monte,2026-03,2026-03-31 21:40:00+00:00,1621.5747785078888
Monte,2026-04,2026-04-02 20:20:00+00:00,1620.5297966012506
Monte,2026-05,2026-05-13 10:30:00+00:00,1621.0237350481395
Monte,2026-06,2026-06-14 15:00:00+00:00,1648.7634681997822
PARIVISION,2023-10,2023-10-31 21:00:00+00:00,1484.8533693519253
PARIVISION,2023-11,2023-11-17 23:00:00+00:00,1438.237351068777
PARIVISION,2024-01,2024-01-18 00:15:00+00:00,1438.8630310742126
PARIVISION,2024-02,2024-02-29 16:00:00+00:00,1428.9453845972134
PARIVISION,2024-03,2024-03-21 18:00:00+00:00,1499.1223078710514
PARIVISION,2024-04,2024-04-29 20:20:00+00:00,1445.1362017156832
PARIVISION,2024-05,2024-05-20 15:30:00+00:00,1418.7440103292952
PARIVISION,2024-06,2024-06-14 16:05:00+00:00,1433.0026615102618
PARIVISION,2024-07,2024-07-26 18:45:00+00:00,1441.744392910753
PARIVISION,2024-08,2024-08-29 14:00:00+00:00,1532.449256631136
PARIVISION,2024-09,2024-09-23 14:00:00+00:00,1532.874785795893
PARIVISION,2024-10,2024-10-18 17:00:00+00:00,1522.5464880939269
PARIVISION,2024-11,2024-11-22 09:00:00+00:00,1478.368968079037
PARIVISION,2025-01,2025-01-31 10:00:00+00:00,1548.6787836049161
PARIVISION,2025-02,2025-02-28 13:00:00+00:00,1627.9878751341405
PARIVISION,2025-03,2025-03-29 22:15:00+00:00,1617.4825409823072
PARIVISION,2025-04,2025-04-15 11:00:00+00:00,1598.2451602894564
PARIVISION,2025-05,2025-05-29 20:00:00+00:00,1612.910050966967
PARIVISION,2025-07,2025-07-17 18:45:00+00:00,1657.6851687349365
PARIVISION,2025-08,2025-08-31 20:00:00+00:00,1773.9340551427597
PARIVISION,2025-09,2025-09-28 15:00:00+00:00,1772.8768335779334
PARIVISION,2025-11,2025-11-30 18:00:00+00:00,1771.7798696286766
PARIVISION,2025-12,2025-12-05 21:05:00+00:00,1734.4819953031015
PARIVISION,2026-01,2026-01-31 16:00:00+00:00,1829.3098689065678
PARIVISION,2026-02,2026-02-22 19:00:00+00:00,1855.0743938716334
PARIVISION,2026-03,2026-03-28 19:40:00+00:00,1822.3807341807608
PARIVISION,2026-04,2026-04-09 19:15:00+00:00,1787.8221778518093
PARIVISION,2026-05,2026-05-22 09:00:00+00:00,1718.764798303685
PARIVISION,2026-06,2026-06-13 18:45:00+00:00,1668.9593220395884
PARIVISION,2026-07,2026-07-12 12:00:00+00:00,1709.1639671485161
PARIVISION,2026-08,2026-08-16 16:15:00+00:00,1694.0851686451938
PARIVISION,2026-09,2026-09-10 09:00:00+00:00,1680.9728781149915
PARIVISION,2026-10,2026-10-03 12:00:00+00:00,1704.7899253351143
Sinners Esports,2023-10,2023-10-31 21:00:00+00:00,1541.7715036905465
Sinners Esports,2023-11,2023-11-18 13:30:00+00:00,1558.2308128022794
Sinners Esports,2023-12,2023-12-09 21:00:00+00:00,1558.0245638012184
Sinners Esports,2024-01,2024-01-19 22:10:00+00:00,1527.651254379949
Sinners Esports,2024-02,2024-02-18 19:00:00+00:00,1521.2262390022254
Sinners Esports,2024-03,2024-03-29 20:00:00+00:00,1515.233017429133
Sinners Esports,2024-04,2024-04-24 16:00:00+00:00,1547.697780618326
Sinners Esports,2024-05,2024-05-30 18:00:00+00:00,1544.1450805265338
Sinners Esports,2024-06,2024-06-11 21:00:00+00:00,1494.4684219357491
Sinners Esports,2024-07,2024-07-25 21:30:00+00:00,1483.983905761777
Sinners Esports,2024-08,2024-08-31 17:30:00+00:00,1615.0909447571164
Sinners Esports,2024-09,2024-09-25 11:30:00+00:00,1588.9104084424198
Sinners Esports,2024-10,2024-10-31 18:00:00+00:00,1600.7407176631866
Sinners Esports,2024-11,2024-11-20 11:45:00+00:00,1579.6337794660803
Sinners Esports,2024-12,2024-12-13 12:00:00+00:00,1568.0578141440726
Sinners Esports,2025-01,2025-01-30 18:10:00+00:00,1615.9829402663643
Sinners Esports,2025-02,2025-02-28 19:00:00+00:00,1500.8935524533317
Sinners Esports,2025-03,2025-03-19 22:00:00+00:00,1526.7778105454188
Sinners Esports,2025-05,2025-05-30 11:00:00+00:00,1463.1502244740277
Sinners Esports,2025-08,2025-08-14 17:00:00+00:00,1537.1943663553914
Sinners Esports,2025-09,2025-09-28 14:30:00+00:00,1496.9127876331052
Sinners Esports,2025-10,2025-10-14 20:00:00+00:00,1531.8089321155558
Sinners Esports,2025-11,2025-11-20 21:00:00+00:00,1539.7654969472208
Sinners Esports,2026-01,2026-01-30 21:35:00+00:00,1608.425304743958
Sinners Esports,2026-02,2026-02-27 17:00:00+00:00,1640.8740661215581
Sinners Esports,2026-03,2026-03-30 11:00:00+00:00,1668.4344435990367
Sinners Esports,2026-05,2026-05-13 21:00:00+00:00,1652.3818160605292
Sinners Esports,2026-06,2026-06-03 17:40:00+00:00,1595.1977402515063
Sinners Esports,2026-07,2026-07-23 16:00:00+00:00,1554.4752830434636
Sinners Esports,2026-08,2026-08-09 12:00:00+00:00,1552.29363895757
Sinners Esports,2026-09,2026-09-27 22:05:00+00:00,1543.2838313729974
Sinners Esports,2026-10,2026-10-03 12:00:00+00:00,1573.1637849787846
Team 3DMAX,2023-11,2023-11-24 22:20:00+00:00,1472.6150513262705
Team 3DMAX,2023-12,2023-12-10 21:00:00+00:00,1534.3793464318233
Team 3DMAX,2024-01,2024-01-30 20:00:00+00:00,1498.4598990229404
Team 3DMAX,2024-02,2024-02-29 22:00:00+00:00,1494.2334829782012
Team 3DMAX,2024-03,2024-03-28 17:00:00+00:00,1489.3289226774498
Team 3DMAX,2024-04,2024-04-30 14:00:00+00:00,1606.1247153880176
Team 3DMAX,2024-05,2024-05-30 21:00:00+00:00,1553.1834366768728
Team 3DMAX,2024-06,2024-06-17 14:00:00+00:00,1639.3997004024902
Team 3DMAX,2024-07,2024-07-31 21:25:00+00:00,1705.1690185064983
Team 3DMAX,2024-08,2024-08-27 16:30:00+00:00,1622.3047798534653
Team 3DMAX,2024-09,2024-09-29 16:30:00+00:00,1658.130757780632
Team 3DMAX,2024-10,2024-10-26 22:40:00+00:00,1681.475708866422
Team 3DMAX,2024-11,2024-11-22 12:00:00+00:00,1723.9225151892606
Team 3DMAX,2024-12,2024-12-07 06:00:00+00:00,1696.7693095089537
Team 3DMAX,2025-01,2025-01-30 18:00:00+00:00,1708.9545642127218
Team 3DMAX,2025-02,2025-02-18 13:15:00+00:00,1695.0713224097053
Team 3DMAX,2025-03,2025-03-11 15:30:00+00:00,1702.5856142590085
Team 3DMAX,2025-04,2025-04-23 04:15:00+00:00,1705.4947175561408
Team 3DMAX,2025-05,2025-05-21 22:00:00+00:00,1683.0850289714847
Team 3DMAX,2025-06,2025-06-14 18:00:00+00:00,1687.688200195377
Team 3DMAX,2025-07,2025-07-28 19:30:00+00:00,1677.9853634743847
Team 3DMAX,2025-08,2025-08-31 13:00:00+00:00,1734.1792651988358
Team 3DMAX,2025-09,2025-09-30 19:15:00+00:00,1696.3441454470092
Team 3DMAX,2025-10,2025-10-29 11:00:00+00:00,1687.615073785827
Team 3DMAX,2025-11,2025-11-30 17:00:00+00:00,1659.9477838117482
Team 3DMAX,2025-12,2025-12-06 22:15:00+00:00,1647.6614483548044
Team 3DMAX,2026-01,2026-01-31 21:00:00+00:00,1675.3904951701898
Team 3DMAX,2026-02,2026-02-16 16:15:00+00:00,1603.509877766903
Team 3DMAX,2026-03,2026-03-10 15:30:00+00:00,1640.6552354088512
Team 3DMAX,2026-04,2026-04-15 16:00:00+00:00,1658.9980805840746
Team 3DMAX,2026-05,2026-05-29 13:00:00+00:00,1592.4765227878704
Team 3DMAX,2026-07,2026-07-30 18:20:00+00:00,1587.6966820263472
Team 3DMAX,2026-08,2026-08-15 17:15:00+00:00,1571.3287846330666
Team 3DMAX,2026-09,2026-09-27 14:30:00+00:00,1589.0652406574663
