method,tier,n,ece_before,ece_after,logloss_before,logloss_after
none,tier1,1259,0.033502206902376264,0.033502206902376264,0.6209898694784882,0.6209898694784882
none,tier2,1327,0.023836029060706376,0.023836029060706376,0.6411433345753872,0.6411433345753872
none,tier3,357,0.047425302725752995,0.047425302725752995,0.6545775327863824,0.6545775327863824
none,ALL,2943,0.0159186120893578,0.0159186120893578,0.6341514202717274,0.6341514202717274
isotonic,tier1,1259,0.033502206902376264,0.02453220015324734,0.6209898694784882,0.6441231377205637
isotonic,tier2,1327,0.023836029060706376,0.027222263919029856,0.6411433345753872,0.6413485454224452
isotonic,tier3,357,0.047425302725752995,0.071536900714884,0.6545775327863824,0.747868658659526
isotonic,ALL,2943,0.0159186120893578,0.02241934824143903,0.6341514202717274,0.6554569015654861
platt,tier1,1259,0.033502206902376264,0.022891734486329227,0.6209898694784882,0.6194462241316098
platt,tier2,1327,0.023836029060706376,0.022944175984342258,0.6411433345753872,0.6423958261246328
platt,tier3,357,0.047425302725752995,0.052952724273582455,0.6545775327863824,0.6572056046105839
platt,ALL,2943,0.0159186120893578,0.017211805490078266,0.6341514202717274,0.6343746035661103
platt-sel,tier1,1259,0.033502206902376264,0.022891734486329227,0.6209898694784882,0.6194462241316098
platt-sel,tier2,1327,0.023836029060706376,0.022944175984342258,0.6411433345753872,0.6423958261246328
platt-sel,tier3,357,0.047425302725752995,0.052952724273582455,0.6545775327863824,0.6572056046105839
platt-sel,ALL,2943,0.0159186120893578,0.017211805490078266,0.6341514202717274,0.6343746035661103
