month,feature,n,psi,flag
2023-01,elo_diff,1,12.436499800473442,True
2023-01,form5_diff,1,8.571117613393826,True
2023-01,rest_days_diff,1,10.10582077258983,True
2023-01,tier_tier1,1,0.0,False
2023-01,tier_tier2,1,0.0,False
2023-01,tier_tier3,1,0.0,False
2023-01,roster_stability_diff,1,2.672945999162619,True
2023-01,standin_diff,1,0.16607355593077996,False
2023-10,elo_diff,208,1.9971251423176488,True
2023-10,form5_diff,208,0.2173803883723327,False
2023-10,rest_days_diff,208,0.15661814000562346,False
2023-10,tier_tier1,208,0.0,False
2023-10,tier_tier2,208,0.0,False
2023-10,tier_tier3,208,0.0,False
2023-10,roster_stability_diff,208,0.029010059983434717,False
2023-10,standin_diff,208,0.0004361921227307755,False
2023-11,elo_diff,232,0.28486150043345504,True
2023-11,form5_diff,232,0.06364667811064027,False
2023-11,rest_days_diff,232,0.09950258945681012,False
2023-11,tier_tier1,232,0.0,False
2023-11,tier_tier2,232,0.0,False
2023-11,tier_tier3,232,0.0,False
2023-11,roster_stability_diff,232,0.010222215807394628,False
2023-11,standin_diff,232,2.9603751276735243e-06,False
2023-12,elo_diff,158,0.20459721821721152,False
2023-12,form5_diff,158,0.1224861515243707,False
2023-12,rest_days_diff,158,0.11057023487327358,False
2023-12,tier_tier1,158,0.0,False
2023-12,tier_tier2,158,0.0,False
2023-12,tier_tier3,158,0.0,False
2023-12,roster_stability_diff,158,0.03281057104916656,False
2023-12,standin_diff,158,0.00021956481634908244,False
2024-01,elo_diff,452,0.29848700144532675,True
2024-01,form5_diff,452,0.06622573268490083,False
2024-01,rest_days_diff,452,0.3274952761819364,True
2024-01,tier_tier1,452,0.0,False
2024-01,tier_tier2,452,0.0,False
2024-01,tier_tier3,452,0.0,False
2024-01,roster_stability_diff,452,0.09333563823091094,False
2024-01,standin_diff,452,0.005409123813431875,False
2024-02,elo_diff,246,0.06911635985698333,False
2024-02,form5_diff,246,0.032296786260057726,False
2024-02,rest_days_diff,246,0.08404668733490893,False
2024-02,tier_tier1,246,0.0,False
2024-02,tier_tier2,246,0.0,False
2024-02,tier_tier3,246,0.0,False
2024-02,roster_stability_diff,246,0.010881699429066164,False
2024-02,standin_diff,246,0.0016308397181742005,False
2024-03,elo_diff,286,0.08159850764932212,False
2024-03,form5_diff,286,0.029982964178799053,False
2024-03,rest_days_diff,286,0.047438644704556755,False
2024-03,tier_tier1,286,0.0,False
2024-03,tier_tier2,286,0.0,False
2024-03,tier_tier3,286,0.0,False
2024-03,roster_stability_diff,286,0.031108033280317852,False
2024-03,standin_diff,286,0.002766768041530389,False
2024-04,elo_diff,434,0.015445186447251204,False
2024-04,form5_diff,434,0.003607914535172308,False
2024-04,rest_days_diff,434,0.06236256249834128,False
2024-04,tier_tier1,434,0.0,False
2024-04,tier_tier2,434,0.0,False
2024-04,tier_tier3,434,0.0,False
2024-04,roster_stability_diff,434,0.03667067706537111,False
2024-04,standin_diff,434,0.009983898321293365,False
2024-05,elo_diff,301,0.05446390772417461,False
2024-05,form5_diff,301,0.01991980421482306,False
2024-05,rest_days_diff,301,0.17324001454956248,False
2024-05,tier_tier1,301,0.0,False
2024-05,tier_tier2,301,0.0,False
2024-05,tier_tier3,301,0.0,False
2024-05,roster_stability_diff,301,0.009052927267793057,False
2024-05,standin_diff,301,0.0009364726740219529,False
2024-06,elo_diff,308,0.04893851080540883,False
2024-06,form5_diff,308,0.018373294445810606,False
2024-06,rest_days_diff,308,0.07559390892463586,False
2024-06,tier_tier1,308,0.0,False
2024-06,tier_tier2,308,0.0,False
2024-06,tier_tier3,308,0.0,False
2024-06,roster_stability_diff,308,0.0008732932718381261,False
2024-06,standin_diff,308,0.0016848338832180481,False
2024-07,elo_diff,237,0.2510063247464956,True
2024-07,form5_diff,237,0.13408751362100932,False
2024-07,rest_days_diff,237,0.20019997412516763,False
2024-07,tier_tier1,237,0.0,False
2024-07,tier_tier2,237,0.0,False
2024-07,tier_tier3,237,0.0,False
2024-07,roster_stability_diff,237,0.0991589751963694,False
2024-07,standin_diff,237,0.00609239742462582,False
2024-08,elo_diff,697,0.048076707277421395,False
2024-08,form5_diff,697,0.007292120771739841,False
2024-08,rest_days_diff,697,0.04232591263574497,False
2024-08,tier_tier1,697,0.0,False
2024-08,tier_tier2,697,0.0,False
2024-08,tier_tier3,697,0.0,False
2024-08,roster_stability_diff,697,0.0443384815069294,False
2024-08,standin_diff,697,0.002213310797927741,False
2024-09,elo_diff,366,0.027175358990843147,False
2024-09,form5_diff,366,0.02377188388182568,False
2024-09,rest_days_diff,366,0.07979349530201048,False
2024-09,tier_tier1,366,0.0,False
2024-09,tier_tier2,366,0.0,False
2024-09,tier_tier3,366,0.0,False
2024-09,roster_stability_diff,366,0.01005132076629479,False
2024-09,standin_diff,366,2.375866726098125e-05,False
2024-10,elo_diff,241,0.04909849895607566,False
2024-10,form5_diff,241,0.03100232918403807,False
2024-10,rest_days_diff,241,0.059723830671046224,False
2024-10,tier_tier1,241,0.0,False
2024-10,tier_tier2,241,0.0,False
2024-10,tier_tier3,241,0.0,False
2024-10,roster_stability_diff,241,0.053531964227938156,False
2024-10,standin_diff,241,1.0706498272242469e-05,False
2024-11,elo_diff,345,0.03888188060343402,False
2024-11,form5_diff,345,0.04395906759549651,False
2024-11,rest_days_diff,345,0.18270287534975632,False
2024-11,tier_tier1,345,0.0,False
2024-11,tier_tier2,345,0.0,False
2024-11,tier_tier3,345,0.0,False
2024-11,roster_stability_diff,345,0.0689073653860405,False
2024-11,standin_diff,345,0.16607355593077996,False
2024-12,elo_diff,150,0.11655955599397304,False
2024-12,form5_diff,150,0.16159253056575848,False
2024-12,rest_days_diff,150,0.17627576937199216,False
2024-12,tier_tier1,150,0.0,False
2024-12,tier_tier2,150,0.0,False
2024-12,tier_tier3,150,0.0,False
2024-12,roster_stability_diff,150,0.42099997406949974,True
2024-12,standin_diff,150,0.16607355593077996,False
2025-01,elo_diff,162,0.11281771459983735,False
2025-01,form5_diff,162,0.09443972318148933,False
2025-01,rest_days_diff,162,0.12334768087344011,False
2025-01,tier_tier1,162,0.0,False
2025-01,tier_tier2,162,0.0,False
2025-01,tier_tier3,162,0.0,False
2025-01,roster_stability_diff,162,0.08052200428568565,False
2025-01,standin_diff,162,0.15084778113097524,False
2025-02,elo_diff,347,0.04275869428194529,False
2025-02,form5_diff,347,0.0225458485669824,False
2025-02,rest_days_diff,347,0.03486335770093104,False
2025-02,tier_tier1,347,0.0,False
2025-02,tier_tier2,347,0.0,False
2025-02,tier_tier3,347,0.0,False
2025-02,roster_stability_diff,347,0.02724858959492319,False
2025-02,standin_diff,347,0.00044106499321439535,False
2025-03,elo_diff,402,0.06626363016315766,False
2025-03,form5_diff,402,0.02219895687967266,False
2025-03,rest_days_diff,402,0.12081074889535987,False
2025-03,tier_tier1,402,0.0,False
2025-03,tier_tier2,402,0.0,False
2025-03,tier_tier3,402,0.0,False
2025-03,roster_stability_diff,402,0.054650198054584924,False
2025-03,standin_diff,402,0.0004594559876680302,False
2025-04,elo_diff,275,0.06084596203676396,False
2025-04,form5_diff,275,0.026982395229280046,False
2025-04,rest_days_diff,275,0.1353684795056993,False
2025-04,tier_tier1,275,0.0,False
2025-04,tier_tier2,275,0.0,False
2025-04,tier_tier3,275,0.0,False
2025-04,roster_stability_diff,275,0.0210320530902799,False
2025-04,standin_diff,275,0.0012161399005606729,False
2025-05,elo_diff,284,0.045064577111198725,False
2025-05,form5_diff,284,0.048283257869224334,False
2025-05,rest_days_diff,284,0.13256376768575848,False
2025-05,tier_tier1,284,0.0,False
2025-05,tier_tier2,284,0.0,False
2025-05,tier_tier3,284,0.0,False
2025-05,roster_stability_diff,284,0.1177759845505889,False
2025-05,standin_diff,284,0.009342624680135459,False
2025-06,elo_diff,164,0.13486608573231096,False
2025-06,form5_diff,164,0.07552452591364488,False
2025-06,rest_days_diff,164,0.33750497919115413,True
2025-06,tier_tier1,164,0.0,False
2025-06,tier_tier2,164,0.0,False
2025-06,tier_tier3,164,0.0,False
2025-06,roster_stability_diff,164,0.23188226549815222,False
2025-06,standin_diff,164,0.011329418333933361,False
2025-07,elo_diff,113,0.21587626973174046,False
2025-07,form5_diff,113,0.051244142720727553,False
2025-07,rest_days_diff,113,0.16241316697364477,False
2025-07,tier_tier1,113,0.0,False
2025-07,tier_tier2,113,0.0,False
2025-07,tier_tier3,113,0.0,False
2025-07,roster_stability_diff,113,0.15094250348540814,False
2025-07,standin_diff,113,0.004331093761498058,False
2025-08,elo_diff,484,0.028859520480713323,False
2025-08,form5_diff,484,0.022632253936226487,False
2025-08,rest_days_diff,484,0.1837975888599335,False
2025-08,tier_tier1,484,0.0,False
2025-08,tier_tier2,484,0.0,False
2025-08,tier_tier3,484,0.0,False
2025-08,roster_stability_diff,484,0.01631311848389062,False
2025-08,standin_diff,484,0.0016848338832180481,False
2025-09,elo_diff,367,0.07928854986524182,False
2025-09,form5_diff,367,0.02629083432596981,False
2025-09,rest_days_diff,367,0.27877003411940654,True
2025-09,tier_tier1,367,0.0,False
2025-09,tier_tier2,367,0.0,False
2025-09,tier_tier3,367,0.0,False
2025-09,roster_stability_diff,367,0.02733325385575646,False
2025-09,standin_diff,367,0.002764520729229756,False
2025-10,elo_diff,341,0.05039525043775439,False
2025-10,form5_diff,341,0.03970312424225749,False
2025-10,rest_days_diff,341,0.02881439046922739,False
2025-10,tier_tier1,341,0.0,False
2025-10,tier_tier2,341,0.0,False
2025-10,tier_tier3,341,0.0,False
2025-10,roster_stability_diff,341,0.002718335305394709,False
2025-10,standin_diff,341,0.0054922800342536,False
2025-11,elo_diff,315,0.09454687679242915,False
2025-11,form5_diff,315,0.04817927617114524,False
2025-11,rest_days_diff,315,0.07642860581471739,False
2025-11,tier_tier1,315,0.0,False
2025-11,tier_tier2,315,0.0,False
2025-11,tier_tier3,315,0.0,False
2025-11,roster_stability_diff,315,0.08511375752527664,False
2025-11,standin_diff,315,0.004407253940682775,False
2025-12,elo_diff,193,0.09536828964873655,False
2025-12,form5_diff,193,0.03781992986385168,False
2025-12,rest_days_diff,193,0.17820211574305275,False
2025-12,tier_tier1,193,0.0,False
2025-12,tier_tier2,193,0.0,False
2025-12,tier_tier3,193,0.0,False
2025-12,roster_stability_diff,193,0.04000736378253031,False
2025-12,standin_diff,193,0.16607355593077996,False
2026-01,elo_diff,316,0.05954812477325962,False
2026-01,form5_diff,316,0.03976426384235985,False
2026-01,rest_days_diff,316,0.10637769141898971,False
2026-01,tier_tier1,316,0.0,False
2026-01,tier_tier2,316,0.0,False
2026-01,tier_tier3,316,0.0,False
2026-01,roster_stability_diff,316,0.08672849331050922,False
2026-01,standin_diff,316,0.01727219393826327,False
2026-02,elo_diff,397,0.09884578015088025,False
2026-02,form5_diff,397,0.02728318820522551,False
2026-02,rest_days_diff,397,0.0340857849570298,False
2026-02,tier_tier1,397,0.0,False
2026-02,tier_tier2,397,0.0,False
2026-02,tier_tier3,397,0.0,False
2026-02,roster_stability_diff,397,0.1160558604517507,False
2026-02,standin_diff,397,0.027912518433017668,False
2026-03,elo_diff,378,0.19543994640751988,False
2026-03,form5_diff,378,0.02059957937804531,False
2026-03,rest_days_diff,378,0.08904007678954652,False
2026-03,tier_tier1,378,0.0,False
2026-03,tier_tier2,378,0.0,False
2026-03,tier_tier3,378,0.0,False
2026-03,roster_stability_diff,378,0.051363260308378234,False
2026-03,standin_diff,378,8.110008853186499e-05,False
2026-04,elo_diff,298,0.08015737832011852,False
2026-04,form5_diff,298,0.03562943482995705,False
2026-04,rest_days_diff,298,0.09225618809797671,False
2026-04,tier_tier1,298,0.0,False
2026-04,tier_tier2,298,0.0,False
2026-04,tier_tier3,298,0.0,False
2026-04,roster_stability_diff,298,0.06650820107781528,False
2026-04,standin_diff,298,0.00969759900724795,False
2026-05,elo_diff,221,0.30950809037026483,True
2026-05,form5_diff,221,0.0297111265287887,False
2026-05,rest_days_diff,221,0.07203117932964889,False
2026-05,tier_tier1,221,0.0,False
2026-05,tier_tier2,221,0.0,False
2026-05,tier_tier3,221,0.0,False
2026-05,roster_stability_diff,221,0.03835495535294432,False
2026-05,standin_diff,221,0.000790521022421855,False
2026-06,elo_diff,201,0.06377233888138742,False
2026-06,form5_diff,201,0.02269402702582967,False
2026-06,rest_days_diff,201,0.23399918486194202,False
2026-06,tier_tier1,201,0.0,False
2026-06,tier_tier2,201,0.0,False
2026-06,tier_tier3,201,0.0,False
2026-06,roster_stability_diff,201,0.012973859438738845,False
2026-06,standin_diff,201,0.16607355593077996,False
