cutoff,n_train,n_test,logloss,brier,acc
2024-07-01 00:00:00+00:00,2626,8426,0.6508047835515651,0.2294150218572344,0.6140517446000475
2025-01-01 00:00:00+00:00,4662,6390,0.6492933964280063,0.22871946290787554,0.6161189358372458
2025-07-01 00:00:00+00:00,6296,4756,0.6432948171842633,0.22621270021249898,0.6192178301093356
2026-01-01 00:00:00+00:00,8109,2943,0.6341514202717274,0.2218884887815587,0.6306489976214746
2026-02-01 00:00:00+00:00,8425,2627,0.6312678704764775,0.22051571202461803,0.6330414921964218
2026-03-01 00:00:00+00:00,8822,2230,0.6328822540937191,0.22129623880642263,0.6260089686098654
2026-04-01 00:00:00+00:00,9228,1824,0.6348565055046809,0.22215950279230506,0.6222587719298246
2026-05-01 00:00:00+00:00,9526,1526,0.6385779231830211,0.22368753539641079,0.6199213630406291
2026-06-01 00:00:00+00:00,9747,1305,0.6411107255654899,0.22478903708265421,0.61455938697318
