map,maps,kd,adr,kast,kpr,win_rate,player
Mirage,211,1.3870873502775343,85.26777251184834,0.7342890995260664,0.855803893294881,0.5829383886255924,"s1mple (Aleksandr Kostyliev), UA"
Inferno,179,1.355834829443447,83.31675977653632,0.7539162011173183,0.8082191780821918,0.5810055865921788,"s1mple (Aleksandr Kostyliev), UA"
Overpass,160,1.38553750966744,87.58050314465409,0.7467798742138365,0.8575873623743417,0.575,"s1mple (Aleksandr Kostyliev), UA"
Nuke,129,1.3080614203454894,85.42713178294574,0.7164651162790698,0.8508114856429463,0.4806201550387597,"s1mple (Aleksandr Kostyliev), UA"
Dust2,115,1.2923244420250408,84.48869565217392,0.7188869565217391,0.8031123139377537,0.5304347826086957,"s1mple (Aleksandr Kostyliev), UA"
Train,113,1.4593716143011917,88.63185840707965,0.7509823008849558,0.9079878665318504,0.7079646017699115,"s1mple (Aleksandr Kostyliev), UA"
Cobblestone,63,1.1955156950672645,84.01129032258066,0.7121129032258066,0.8113207547169812,0.4603174603174603,"s1mple (Aleksandr Kostyliev), UA"
Ancient,51,1.230263157894737,75.2,0.7432549019607845,0.7316118935837246,0.5686274509803921,"s1mple (Aleksandr Kostyliev), UA"
Anubis,25,1.143646408839779,74.856,0.7294800000000001,0.7016949152542373,0.52,"s1mple (Aleksandr Kostyliev), UA"
Cache,18,1.3741721854304636,88.33333333333333,0.7211666666666666,0.8943965517241379,0.6666666666666666,"s1mple (Aleksandr Kostyliev), UA"
Vertigo,3,0.6792452830188679,61.5,0.6429999999999999,0.5294117647058824,0.0,"s1mple (Aleksandr Kostyliev), UA"
