team,mape,n_months
Aurora Gaming,1.881683309524878,3
naive,1.1483118432433155,3
B8 Esports,2.7750758694120865,3
naive,4.346044639145887,3
BetBoom Team,2.4506546213737455,3
naive,2.6133150630676356,3
Fnatic,0.30456797400264807,3
naive,3.7357524673617553,3
FURIA Esports,1.375395784376806,3
naive,0.42415163477965007,3
Heroic,9.897364316381314,3
naive,4.568824460301174,3
Monte,4.590547013641945,3
naive,0.5825042327119895,3
PARIVISION,7.462261019261477,3
naive,0.9412428394790631,3
Sinners Esports,6.951364044317909,3
naive,0.6845570358824059,3
Team 3DMAX,1.3670718120126433,3
naive,0.6205259672471293,3
