team,month,actual,fitted,forecast,lo80,hi80
Aurora Gaming,2026-11,NA,NA,1851.1863944147349,1771.1511002070774,1931.2216886223923
Aurora Gaming,2026-12,NA,NA,1872.329225022248,1728.8452700451808,2015.8131799993153
Aurora Gaming,2027-01,NA,NA,1893.4720556297611,1664.3495150013687,2122.5945962581536
B8 Esports,2026-11,NA,NA,1754.1238182773818,1679.8188419401877,1828.428794614576
B8 Esports,2026-12,NA,NA,1766.8709893064834,1655.3002290551146,1878.441749557852
B8 Esports,2027-01,NA,NA,1779.618160335585,1612.186544829694,1947.0497758414758
BetBoom Team,2026-04,NA,NA,1789.077489298245,1727.3432353464236,1850.8117432500662
BetBoom Team,2026-05,NA,NA,1805.7028265848185,1724.9520590882555,1886.4535940813814
BetBoom Team,2026-06,NA,NA,1822.328163871392,1710.0017857719001,1934.6545419708839
Fnatic,2026-11,NA,NA,1682.0103194332478,1622.8765326600594,1741.1441062064362
Fnatic,2026-12,NA,NA,1704.3415045932222,1627.632065788732,1781.0509433977124
Fnatic,2027-01,NA,NA,1726.6726897531967,1620.5770355315635,1832.7683439748298
FURIA Esports,2026-11,NA,NA,1862.6971986659967,1804.2335003996034,1921.16089693239
FURIA Esports,2026-12,NA,NA,1870.9790767029024,1753.908540904775,1988.0496125010297
FURIA Esports,2027-01,NA,NA,1879.260954739808,1687.2911664644564,2071.2307430151595
Heroic,2026-10,NA,NA,1836.519677609498,1766.2630175481545,1906.7763376708417
Heroic,2026-11,NA,NA,1971.6864808567689,1844.215675386657,2099.1572863268807
Heroic,2026-12,NA,NA,2106.8532841040396,1902.6410803386848,2311.0654878693945
Monte,2026-07,NA,NA,1654.868543091441,1611.3805130428107,1698.3565731400715
Monte,2026-08,NA,NA,1666.7843107848707,1592.7158608543423,1740.8527607153992
Monte,2026-09,NA,NA,1678.7000784783004,1562.1894783609182,1795.2106785956826
PARIVISION,2026-11,NA,NA,1679.3948955342917,1599.5994916409863,1759.190299427597
PARIVISION,2026-12,NA,NA,1699.0798313782664,1603.2525180146654,1794.9071447418673
PARIVISION,2027-01,NA,NA,1718.764767222241,1594.193900361392,1843.33563408309
Sinners Esports,2026-11,NA,NA,1567.3132165173727,1495.7647369774281,1638.8616960573172
Sinners Esports,2026-12,NA,NA,1591.1682091917132,1485.3165114838023,1697.0199068996242
Sinners Esports,2027-01,NA,NA,1615.0232018660538,1457.2362406817485,1772.810163050359
Team 3DMAX,2026-10,NA,NA,1562.2785446990474,1498.4351345464638,1626.121954851631
Team 3DMAX,2026-11,NA,NA,1551.6620973601744,1475.6979899843006,1627.626204736048
Team 3DMAX,2026-12,NA,NA,1541.0456500213013,1443.151237842703,1638.9400621998996
