match_id,game_id,datetime,event,opponent,opponent_id,map_name,bo,won,rounds_for,rounds_against,round_diff,total_rounds,overtime,close,team_kills,team_deaths,team_assists,team_adr,team_kast,team_kddiff
3518493,123838.0,2025-08-20 18:05,Esports World Cup 2025 по CS2,Team Liquid,275399,Mirage,3,True,13.0,11.0,2.0,24.0,False,True,80.0,74.0,28.0,73.7,0.742,6.0
3518493,123844.0,2025-08-20 18:05,Esports World Cup 2025 по CS2,Team Liquid,275399,Dust2,3,True,19.0,16.0,3.0,35.0,True,False,116.0,118.0,45.0,73.1,0.709,-2.0
3729139,123885.0,2025-08-21 21:30,Esports World Cup 2025 по CS2,TYLOO,276491,Inferno,3,True,13.0,4.0,9.0,17.0,False,False,66.0,43.0,35.0,82.1,0.882,23.0
3729139,123888.0,2025-08-21 21:30,Esports World Cup 2025 по CS2,TYLOO,276491,Nuke,3,True,13.0,8.0,5.0,21.0,False,False,76.0,61.0,25.0,78.7,0.8,15.0
3744954,123899.0,2025-08-23 17:30,Esports World Cup 2025 по CS2,The Mongolz,276497,Mirage,3,False,8.0,13.0,-5.0,21.0,False,False,63.0,85.0,24.0,69.1,0.648,-22.0
3744954,123900.0,2025-08-23 17:30,Esports World Cup 2025 по CS2,The Mongolz,276497,Dust2,3,True,13.0,9.0,4.0,22.0,False,False,78.0,71.0,31.0,81.0,0.718,7.0
3778076,123906.0,2025-08-24 10:00,Esports World Cup 2025 по CS2,Team Falcons,276279,Inferno,3,True,13.0,9.0,4.0,22.0,False,False,77.0,66.0,30.0,78.9,0.782,11.0
3778076,123907.0,2025-08-24 10:00,Esports World Cup 2025 по CS2,Team Falcons,276279,Train,3,False,3.0,13.0,-10.0,16.0,False,False,29.0,73.0,13.0,54.3,0.438,-44.0
3778076,123908.0,2025-08-24 10:00,Esports World Cup 2025 по CS2,Team Falcons,276279,Nuke,3,False,3.0,13.0,-10.0,16.0,False,False,46.0,64.0,14.0,68.5,0.625,-18.0
3743622,123917.0,2025-08-27 13:00,BLAST Open London 2025. Closed Qualifiers,M80,276505,Overpass,3,False,3.0,13.0,-10.0,16.0,False,False,38.0,65.0,10.0,60.7,0.537,-27.0
3743622,123918.0,2025-08-27 13:00,BLAST Open London 2025. Closed Qualifiers,M80,276505,Dust2,3,True,13.0,7.0,6.0,20.0,False,False,78.0,56.0,25.0,82.1,0.82,22.0
3743622,123919.0,2025-08-27 13:00,BLAST Open London 2025. Closed Qualifiers,M80,276505,Inferno,3,True,13.0,10.0,3.0,23.0,False,False,77.0,69.0,38.0,74.4,0.783,8.0
3847281,123950.0,2025-08-29 17:50,BLAST Open London 2025. Closed Qualifiers,GamerLegion,276521,Train,3,True,13.0,9.0,4.0,22.0,False,False,83.0,71.0,39.0,82.0,0.8,12.0
3847281,123952.0,2025-08-29 17:50,BLAST Open London 2025. Closed Qualifiers,GamerLegion,276521,Inferno,3,False,7.0,13.0,-6.0,20.0,False,False,50.0,78.0,19.0,62.8,0.55,-28.0
3847281,123953.0,2025-08-29 17:50,BLAST Open London 2025. Closed Qualifiers,GamerLegion,276521,Nuke,3,True,13.0,4.0,9.0,17.0,False,False,69.0,45.0,17.0,84.8,0.824,24.0
3880955,123994.0,2025-09-01 13:00,BLAST Open London 2025. Closed Qualifiers,FaZe Clan,276525,Mirage,3,False,17.0,19.0,-2.0,36.0,True,True,120.0,133.0,43.0,74.8,0.678,-13.0
3880955,123995.0,2025-09-01 13:00,BLAST Open London 2025. Closed Qualifiers,FaZe Clan,276525,Nuke,3,True,19.0,16.0,3.0,35.0,True,False,122.0,120.0,47.0,77.9,0.709,2.0
3880955,123996.0,2025-09-01 13:00,BLAST Open London 2025. Closed Qualifiers,FaZe Clan,276525,Inferno,3,True,13.0,5.0,8.0,18.0,False,False,69.0,53.0,31.0,82.4,0.8,16.0
3958511,124006.0,2025-09-06 17:30,BLAST Open London 2025,MOUZ,277005,Mirage,3,True,13.0,7.0,6.0,20.0,False,False,66.0,48.0,28.0,73.2,0.82,18.0
3958511,124007.0,2025-09-06 17:30,BLAST Open London 2025,MOUZ,277005,Inferno,3,True,13.0,8.0,5.0,21.0,False,False,68.0,58.0,25.0,70.6,0.753,10.0
3978324,124010.0,2025-09-07 17:30,BLAST Open London 2025,G2 Esports,260087,Dust2,5,False,3.0,13.0,-10.0,16.0,False,False,45.0,71.0,21.0,63.5,0.625,-26.0
3978324,124011.0,2025-09-07 17:30,BLAST Open London 2025,G2 Esports,260087,Mirage,5,True,13.0,6.0,7.0,19.0,False,False,79.0,50.0,29.0,84.3,0.832,29.0
3978324,124012.0,2025-09-07 17:30,BLAST Open London 2025,G2 Esports,260087,Overpass,5,True,13.0,6.0,7.0,19.0,False,False,74.0,54.0,22.0,81.0,0.842,20.0
3978324,124013.0,2025-09-07 17:30,BLAST Open London 2025,G2 Esports,260087,Inferno,5,False,12.0,16.0,-4.0,28.0,True,False,86.0,92.0,29.0,70.0,0.736,-6.0
3978324,124014.0,2025-09-07 17:30,BLAST Open London 2025,G2 Esports,260087,Train,5,False,6.0,13.0,-7.0,19.0,False,False,54.0,71.0,20.0,65.7,0.726,-17.0
4669941,124305.0,2025-10-04 17:30,ESL Pro League Season 22,Gentle Mates,279265,Nuke,3,False,6.0,13.0,-7.0,19.0,False,False,64.0,75.0,25.0,74.9,0.674,-11.0
4669941,124307.0,2025-10-04 17:30,ESL Pro League Season 22,Gentle Mates,279265,Train,3,False,11.0,13.0,-2.0,24.0,False,True,77.0,77.0,29.0,73.8,0.717,0.0
4695087,124321.0,2025-10-05 17:15,ESL Pro League Season 22,GamerLegion,279285,Dust2,3,True,13.0,1.0,12.0,14.0,False,False,62.0,38.0,28.0,90.7,0.857,24.0
4723689,124328.0,2025-10-06 11:30,ESL Pro League Season 22,HOTU,279435,Overpass,3,True,13.0,8.0,5.0,21.0,False,False,80.0,56.0,27.0,82.1,0.743,24.0
4723689,124329.0,2025-10-06 11:30,ESL Pro League Season 22,HOTU,279435,Dust2,3,True,13.0,5.0,8.0,18.0,False,False,74.0,46.0,32.0,84.9,0.8,28.0
4758190,124356.0,2025-10-07 19:45,ESL Pro League Season 22,G2 Esports,279499,Inferno,3,True,13.0,2.0,11.0,15.0,False,False,63.0,38.0,32.0,89.6,0.893,25.0
4758190,124359.0,2025-10-07 19:45,ESL Pro League Season 22,G2 Esports,279499,Mirage,3,True,16.0,13.0,3.0,29.0,True,False,108.0,97.0,41.0,80.2,0.766,11.0
4810793,124383.0,2025-10-10 20:35,ESL Pro League Season 22,FURIA Esports,279558,Overpass,3,False,9.0,13.0,-4.0,22.0,False,False,63.0,84.0,21.0,65.1,0.655,-21.0
4810793,124384.0,2025-10-10 20:35,ESL Pro League Season 22,FURIA Esports,279558,Inferno,3,True,13.0,7.0,6.0,20.0,False,False,75.0,54.0,40.0,81.0,0.8,21.0
4810793,124385.0,2025-10-10 20:35,ESL Pro League Season 22,FURIA Esports,279558,Nuke,3,True,13.0,7.0,6.0,20.0,False,False,76.0,63.0,22.0,80.8,0.77,13.0
4860065,124390.0,2025-10-11 20:00,ESL Pro League Season 22,FaZe Clan,279564,Mirage,3,False,20.0,22.0,-2.0,42.0,True,True,142.0,140.0,52.0,74.9,0.695,2.0
4860065,124391.0,2025-10-11 20:00,ESL Pro League Season 22,FaZe Clan,279564,Inferno,3,True,13.0,9.0,4.0,22.0,False,False,78.0,75.0,33.0,76.3,0.764,3.0
4860065,124392.0,2025-10-11 20:00,ESL Pro League Season 22,FaZe Clan,279564,Dust2,3,True,13.0,8.0,5.0,21.0,False,False,68.0,61.0,24.0,70.0,0.734,7.0
4882088,124397.0,2025-10-12 18:00,ESL Pro League Season 22,Team Falcons,260093,Inferno,5,True,13.0,10.0,3.0,23.0,False,False,78.0,67.0,37.0,71.8,0.791,11.0
4882088,124398.0,2025-10-12 18:00,ESL Pro League Season 22,Team Falcons,260093,Train,5,True,13.0,9.0,4.0,22.0,False,False,81.0,63.0,31.0,81.5,0.745,18.0
4882088,124399.0,2025-10-12 18:00,ESL Pro League Season 22,Team Falcons,260093,Dust2,5,True,13.0,5.0,8.0,18.0,False,False,70.0,52.0,35.0,81.0,0.811,18.0
5424396,124614.0,2025-11-04 08:30,IEM Chengdu 2025,MOUZ,280966,Train,3,False,3.0,13.0,-10.0,16.0,False,False,41.0,68.0,14.0,65.5,0.612,-27.0
5424396,124616.0,2025-11-04 08:30,IEM Chengdu 2025,MOUZ,280966,Nuke,3,True,13.0,8.0,5.0,21.0,False,False,71.0,66.0,27.0,73.4,0.753,5.0
5424396,124624.0,2025-11-04 08:30,IEM Chengdu 2025,MOUZ,280966,Inferno,3,False,19.0,22.0,-3.0,41.0,True,False,139.0,144.0,65.0,74.3,0.727,-5.0
5440005,124633.0,2025-11-05 05:00,IEM Chengdu 2025,Lynn Vision Gaming,280963,Dust2,3,True,13.0,2.0,11.0,15.0,False,False,67.0,32.0,28.0,91.4,0.853,35.0
5440005,124634.0,2025-11-05 05:00,IEM Chengdu 2025,Lynn Vision Gaming,280963,Nuke,3,True,13.0,5.0,8.0,18.0,False,False,72.0,55.0,29.0,81.5,0.778,17.0
5452092,124645.0,2025-11-05 11:45,IEM Chengdu 2025,G2 Esports,280971,Train,3,True,13.0,4.0,9.0,17.0,False,False,71.0,40.0,19.0,85.9,0.812,31.0
5452092,124647.0,2025-11-05 11:45,IEM Chengdu 2025,G2 Esports,280971,Mirage,3,True,13.0,11.0,2.0,24.0,False,True,79.0,78.0,29.0,69.0,0.708,1.0
5457836,124655.0,2025-11-07 09:30,IEM Chengdu 2025,Astralis,281082,Inferno,3,True,13.0,7.0,6.0,20.0,False,False,80.0,53.0,32.0,82.0,0.85,27.0
5457836,124656.0,2025-11-07 09:30,IEM Chengdu 2025,Astralis,281082,Nuke,3,False,14.0,16.0,-2.0,30.0,True,True,99.0,105.0,30.0,71.7,0.72,-6.0
5457836,124657.0,2025-11-07 09:30,IEM Chengdu 2025,Astralis,281082,Mirage,3,True,13.0,7.0,6.0,20.0,False,False,73.0,64.0,31.0,76.2,0.79,9.0
5496051,124662.0,2025-11-08 09:30,IEM Chengdu 2025,MOUZ,281086,Nuke,3,True,16.0,13.0,3.0,29.0,True,False,106.0,90.0,20.0,77.0,0.717,16.0
5496051,124663.0,2025-11-08 09:30,IEM Chengdu 2025,MOUZ,281086,Train,3,False,11.0,13.0,-2.0,24.0,False,True,72.0,81.0,23.0,66.4,0.675,-9.0
5496051,124664.0,2025-11-08 09:30,IEM Chengdu 2025,MOUZ,281086,Inferno,3,True,13.0,10.0,3.0,23.0,False,False,74.0,72.0,27.0,75.1,0.739,2.0
5513454,124672.0,2025-11-09 11:00,IEM Chengdu 2025,FURIA Esports,281088,Ancient,5,False,11.0,13.0,-2.0,24.0,False,True,79.0,79.0,24.0,72.9,0.675,0.0
5513454,124673.0,2025-11-09 11:00,IEM Chengdu 2025,FURIA Esports,281088,Inferno,5,False,10.0,13.0,-3.0,23.0,False,False,69.0,80.0,33.0,69.1,0.67,-11.0
5513454,124674.0,2025-11-09 11:00,IEM Chengdu 2025,FURIA Esports,281088,Overpass,5,False,11.0,13.0,-2.0,24.0,False,True,75.0,88.0,24.0,69.6,0.675,-13.0
5297025,124683.0,2025-11-12 14:45,BLAST Rivals Fall 2025,TYLOO,280637,Overpass,3,True,13.0,2.0,11.0,15.0,False,False,69.0,40.0,26.0,92.6,0.88,29.0
5297025,124684.0,2025-11-12 14:45,BLAST Rivals Fall 2025,TYLOO,280637,Nuke,3,False,4.0,13.0,-9.0,17.0,False,False,43.0,72.0,11.0,60.5,0.6,-29.0
5297025,124685.0,2025-11-12 14:45,BLAST Rivals Fall 2025,TYLOO,280637,Inferno,3,True,13.0,11.0,2.0,24.0,False,True,83.0,73.0,51.0,73.6,0.791,10.0
5563915,124693.0,2025-11-13 13:05,BLAST Rivals Fall 2025,FURIA Esports,281470,Nuke,3,False,11.0,13.0,-2.0,24.0,False,True,72.0,82.0,22.0,68.0,0.658,-10.0
5563915,124694.0,2025-11-13 13:05,BLAST Rivals Fall 2025,FURIA Esports,281470,Overpass,3,True,16.0,13.0,3.0,29.0,True,False,97.0,94.0,39.0,73.9,0.697,3.0
5563915,124695.0,2025-11-13 13:05,BLAST Rivals Fall 2025,FURIA Esports,281470,Inferno,3,False,5.0,13.0,-8.0,18.0,False,False,51.0,64.0,23.0,64.7,0.711,-13.0
5574452,124698.0,2025-11-14 13:30,BLAST Rivals Fall 2025,Team Spirit,281475,Dust2,3,False,11.0,13.0,-2.0,24.0,False,True,60.0,82.0,27.0,57.9,0.642,-22.0
5574452,124699.0,2025-11-14 13:30,BLAST Rivals Fall 2025,Team Spirit,281475,Nuke,3,True,19.0,16.0,3.0,35.0,True,False,120.0,118.0,34.0,74.8,0.686,2.0
5574452,124700.0,2025-11-14 13:30,BLAST Rivals Fall 2025,Team Spirit,281475,Mirage,3,True,16.0,13.0,3.0,29.0,True,False,103.0,85.0,38.0,78.2,0.738,18.0
5585218,124703.0,2025-11-15 13:15,BLAST Rivals Fall 2025,Team Falcons,281478,Inferno,3,False,13.0,16.0,-3.0,29.0,True,False,82.0,90.0,34.0,64.7,0.717,-8.0
5585218,124704.0,2025-11-15 13:15,BLAST Rivals Fall 2025,Team Falcons,281478,Nuke,3,False,7.0,13.0,-6.0,20.0,False,False,57.0,70.0,9.0,62.1,0.58,-13.0
5731271,124832.0,2025-12-04 17:50,StarLadder Budapest Major 2025,FaZe Clan,282659,Nuke,1,False,7.0,13.0,-6.0,20.0,False,False,54.0,72.0,16.0,60.9,0.67,-18.0
5743104,124836.0,2025-12-04 21:00,StarLadder Budapest Major 2025,Team 3DMAX,282666,Nuke,1,True,13.0,4.0,9.0,17.0,False,False,68.0,46.0,26.0,82.1,0.824,22.0
5751088,124853.0,2025-12-06 17:00,StarLadder Budapest Major 2025,Natus Vincere,282770,Inferno,3,True,13.0,11.0,2.0,24.0,False,True,84.0,73.0,30.0,72.8,0.792,11.0
5751088,124855.0,2025-12-06 17:00,StarLadder Budapest Major 2025,Natus Vincere,282770,Train,3,True,13.0,11.0,2.0,24.0,False,True,80.0,77.0,27.0,74.7,0.725,3.0
5763120,124887.0,2025-12-11 22:05,StarLadder Budapest Major 2025,The Mongolz,282875,Mirage,3,True,13.0,5.0,8.0,18.0,False,False,74.0,52.0,20.0,88.3,0.766,22.0
5763120,124888.0,2025-12-11 22:05,StarLadder Budapest Major 2025,The Mongolz,282875,Dust2,3,True,13.0,4.0,9.0,17.0,False,False,71.0,50.0,25.0,85.1,0.847,21.0
5783570,124896.0,2025-12-13 19:00,StarLadder Budapest Major 2025,Team Spirit,282880,Mirage,3,True,19.0,17.0,2.0,36.0,True,True,123.0,119.0,39.0,72.8,0.733,4.0
5783570,124897.0,2025-12-13 19:00,StarLadder Budapest Major 2025,Team Spirit,282880,Dust2,3,True,13.0,8.0,5.0,21.0,False,False,73.0,53.0,28.0,76.1,0.743,20.0
5796473,124904.0,2025-12-14 20:00,StarLadder Budapest Major 2025,FaZe Clan,281079,Nuke,5,False,6.0,13.0,-7.0,19.0,False,False,56.0,74.0,19.0,67.0,0.631,-18.0
5796473,124905.0,2025-12-14 20:00,StarLadder Budapest Major 2025,FaZe Clan,281079,Dust2,5,True,13.0,3.0,10.0,16.0,False,False,61.0,44.0,25.0,80.7,0.738,17.0
5796473,124906.0,2025-12-14 20:00,StarLadder Budapest Major 2025,FaZe Clan,281079,Inferno,5,True,13.0,9.0,4.0,22.0,False,False,71.0,66.0,33.0,70.5,0.764,5.0
5796473,124907.0,2025-12-14 20:00,StarLadder Budapest Major 2025,FaZe Clan,281079,Overpass,5,True,13.0,2.0,11.0,15.0,False,False,62.0,36.0,24.0,82.4,0.84,26.0
5925549,124976.0,2026-01-14 22:15,BLAST Bounty Winter 2026. Closed Qualifiers,Virtus.pro,283615,Overpass,3,True,13.0,8.0,5.0,21.0,False,False,78.0,60.0,22.0,77.6,0.762,18.0
5925549,124977.0,2026-01-14 22:15,BLAST Bounty Winter 2026. Closed Qualifiers,Virtus.pro,283615,Dust2,3,True,13.0,6.0,7.0,19.0,False,False,74.0,51.0,30.0,80.7,0.842,23.0
6019783,125013.0,2026-01-18 18:35,BLAST Bounty Winter 2026. Closed Qualifiers,EYEBALLERS,284270,Anubis,3,True,19.0,16.0,3.0,35.0,True,False,122.0,119.0,49.0,75.3,0.737,3.0
6019783,125014.0,2026-01-18 18:35,BLAST Bounty Winter 2026. Closed Qualifiers,EYEBALLERS,284270,Overpass,3,True,13.0,8.0,5.0,21.0,False,False,82.0,58.0,34.0,81.6,0.81,24.0
6089301,125088.0,2026-01-23 18:00,BLAST Bounty Winter 2026,GamerLegion,284741,Inferno,3,True,13.0,9.0,4.0,22.0,False,False,63.0,73.0,21.0,65.6,0.709,-10.0
6089301,125091.0,2026-01-23 18:00,BLAST Bounty Winter 2026,GamerLegion,284741,Dust2,3,True,13.0,11.0,2.0,24.0,False,True,75.0,73.0,25.0,69.3,0.742,2.0
6102910,125106.0,2026-01-24 18:00,BLAST Bounty Winter 2026,Team Falcons,285257,Inferno,3,False,10.0,13.0,-3.0,23.0,False,False,68.0,80.0,32.0,64.1,0.652,-12.0
6102910,125107.0,2026-01-24 18:00,BLAST Bounty Winter 2026,Team Falcons,285257,Anubis,3,True,13.0,4.0,9.0,17.0,False,False,71.0,51.0,31.0,84.5,0.836,20.0
6102910,125108.0,2026-01-24 18:00,BLAST Bounty Winter 2026,Team Falcons,285257,Mirage,3,False,6.0,13.0,-7.0,19.0,False,False,51.0,74.0,19.0,62.8,0.579,-23.0
6176382,125205.0,2026-01-31 22:15,IEM Krakow 2026,BCGame,284609,Dust2,3,True,13.0,8.0,5.0,21.0,False,False,69.0,58.0,33.0,70.5,0.848,11.0
6176382,125208.0,2026-01-31 22:15,IEM Krakow 2026,BCGame,284609,Overpass,3,True,13.0,5.0,8.0,18.0,False,False,64.0,46.0,27.0,77.8,0.833,18.0
6186574,125228.0,2026-02-02 16:00,IEM Krakow 2026,Team 3DMAX,286017,Inferno,3,True,13.0,6.0,7.0,19.0,False,False,74.0,43.0,28.0,79.9,0.853,31.0
6186574,125230.0,2026-02-02 16:00,IEM Krakow 2026,Team 3DMAX,286017,Dust2,3,True,13.0,6.0,7.0,19.0,False,False,77.0,49.0,28.0,84.7,0.853,28.0
6204833,125263.0,2026-02-03 21:40,IEM Krakow 2026,Aurora Gaming,286031,Ancient,3,True,25.0,22.0,3.0,47.0,True,False,166.0,162.0,76.0,74.6,0.741,4.0
6204833,125264.0,2026-02-03 21:40,IEM Krakow 2026,Aurora Gaming,286031,Overpass,3,True,13.0,7.0,6.0,20.0,False,False,75.0,56.0,32.0,81.0,0.79,19.0
6248502,125290.0,2026-02-07 22:10,IEM Krakow 2026,MOUZ,286293,Nuke,3,True,13.0,7.0,6.0,20.0,False,False,82.0,67.0,20.0,85.6,0.78,15.0
6248502,125291.0,2026-02-07 22:10,IEM Krakow 2026,MOUZ,286293,Dust2,3,True,13.0,6.0,7.0,19.0,False,False,65.0,46.0,20.0,71.3,0.821,19.0
6258175,125297.0,2026-02-08 19:00,IEM Krakow 2026,FURIA Esports,286294,Mirage,5,False,11.0,13.0,-2.0,24.0,False,True,81.0,81.0,30.0,74.3,0.733,0.0
6258175,125298.0,2026-02-08 19:00,IEM Krakow 2026,FURIA Esports,286294,Inferno,5,True,13.0,8.0,5.0,21.0,False,False,71.0,64.0,30.0,72.1,0.752,7.0
6258175,125299.0,2026-02-08 19:00,IEM Krakow 2026,FURIA Esports,286294,Nuke,5,True,13.0,2.0,11.0,15.0,False,False,69.0,32.0,18.0,93.1,0.88,37.0
6258175,125300.0,2026-02-08 19:00,IEM Krakow 2026,FURIA Esports,286294,Overpass,5,True,13.0,10.0,3.0,23.0,False,False,85.0,68.0,30.0,79.5,0.757,17.0
6242505,125352.0,2026-02-14 17:40,PGL Cluj-Napoca 2026,G2 Esports,286353,Mirage,3,True,13.0,11.0,2.0,24.0,False,True,76.0,81.0,26.0,71.2,0.692,-5.0
6349670,125378.0,2026-02-15 20:40,PGL Cluj-Napoca 2026,The Mongolz,286977,Mirage,3,False,10.0,13.0,-3.0,23.0,False,False,72.0,83.0,29.0,68.5,0.643,-11.0
6349670,125379.0,2026-02-15 20:40,PGL Cluj-Napoca 2026,The Mongolz,286977,Dust2,3,True,13.0,4.0,9.0,17.0,False,False,64.0,41.0,22.0,82.3,0.824,23.0
6349670,125380.0,2026-02-15 20:40,PGL Cluj-Napoca 2026,The Mongolz,286977,Nuke,3,True,13.0,4.0,9.0,17.0,False,False,66.0,47.0,24.0,82.1,0.777,19.0
6363777,125396.0,2026-02-16 18:10,PGL Cluj-Napoca 2026,MOUZ,286992,Dust2,3,True,13.0,5.0,8.0,18.0,False,False,65.0,50.0,23.0,75.8,0.811,15.0
6363777,125397.0,2026-02-16 18:10,PGL Cluj-Napoca 2026,MOUZ,286992,Inferno,3,True,13.0,8.0,5.0,21.0,False,False,80.0,63.0,36.0,80.3,0.876,17.0
6423317,125445.0,2026-02-20 18:55,PGL Cluj-Napoca 2026,Aurora Gaming,287135,Inferno,3,True,13.0,8.0,5.0,21.0,False,False,77.0,56.0,32.0,78.5,0.81,21.0
6423317,125446.0,2026-02-20 18:55,PGL Cluj-Napoca 2026,Aurora Gaming,287135,Overpass,3,True,13.0,10.0,3.0,23.0,False,False,73.0,65.0,26.0,72.1,0.722,8.0
6480560,125453.0,2026-02-21 21:00,PGL Cluj-Napoca 2026,The Mongolz,287145,Mirage,3,True,16.0,13.0,3.0,29.0,True,False,103.0,96.0,43.0,76.4,0.731,7.0
6480560,125455.0,2026-02-21 21:00,PGL Cluj-Napoca 2026,The Mongolz,287145,Dust2,3,True,13.0,3.0,10.0,16.0,False,False,69.0,37.0,29.0,88.1,0.85,32.0
6501758,125471.0,2026-02-22 19:00,PGL Cluj-Napoca 2026,PARIVISION,287148,Overpass,5,True,13.0,10.0,3.0,23.0,False,False,72.0,74.0,29.0,69.0,0.731,-2.0
6501758,125476.0,2026-02-22 19:00,PGL Cluj-Napoca 2026,PARIVISION,287148,Dust2,5,True,13.0,4.0,9.0,17.0,False,False,69.0,36.0,27.0,82.7,0.871,33.0
6501758,125482.0,2026-02-22 19:00,PGL Cluj-Napoca 2026,PARIVISION,287148,Inferno,5,True,16.0,13.0,3.0,29.0,True,False,95.0,96.0,49.0,73.9,0.697,-1.0
6495923,125769.0,2026-03-19 22:35,BLAST Open Spring 2026,9z Team,288449,Overpass,3,True,13.0,3.0,10.0,16.0,False,False,68.0,38.0,25.0,87.0,0.838,30.0
6495923,125770.0,2026-03-19 22:35,BLAST Open Spring 2026,9z Team,288449,Nuke,3,True,13.0,5.0,8.0,18.0,False,False,69.0,43.0,22.0,79.7,0.778,26.0
7048403,125789.0,2026-03-22 00:10,BLAST Open Spring 2026,The Mongolz,288473,Mirage,3,True,13.0,4.0,9.0,17.0,False,False,73.0,48.0,29.0,89.7,0.835,25.0
7048403,125790.0,2026-03-22 00:10,BLAST Open Spring 2026,The Mongolz,288473,Overpass,3,True,16.0,13.0,3.0,29.0,True,False,118.0,82.0,53.0,83.5,0.821,36.0
7101083,125806.0,2026-03-23 20:50,BLAST Open Spring 2026,PARIVISION,288477,Mirage,3,True,13.0,9.0,4.0,22.0,False,False,76.0,69.0,26.0,75.7,0.727,7.0
7101083,125807.0,2026-03-23 20:50,BLAST Open Spring 2026,PARIVISION,288477,Inferno,3,True,16.0,12.0,4.0,28.0,True,False,105.0,91.0,41.0,83.0,0.786,14.0
7227693,125816.0,2026-03-28 17:00,BLAST Open Spring 2026,Aurora Gaming,288897,Inferno,3,True,13.0,5.0,8.0,18.0,False,False,71.0,43.0,30.0,83.7,0.878,28.0
7227693,125817.0,2026-03-28 17:00,BLAST Open Spring 2026,Aurora Gaming,288897,Nuke,3,True,13.0,5.0,8.0,18.0,False,False,74.0,57.0,27.0,83.9,0.855,17.0
7255854,125823.0,2026-03-29 13:30,BLAST Open Spring 2026,Natus Vincere,288898,Inferno,5,True,13.0,7.0,6.0,20.0,False,False,78.0,69.0,25.0,82.3,0.75,9.0
7255854,125826.0,2026-03-29 13:30,BLAST Open Spring 2026,Natus Vincere,288898,Anubis,5,True,13.0,10.0,3.0,23.0,False,False,79.0,74.0,29.0,72.5,0.765,5.0
7299086,153486.0,2026-04-13 16:00,IEM Rio 2026,RED Canids,289927,Nuke,3,True,13.0,4.0,9.0,17.0,False,False,70.0,45.0,19.0,86.9,0.836,25.0
7299086,153487.0,2026-04-13 16:00,IEM Rio 2026,RED Canids,289927,Overpass,3,True,13.0,6.0,7.0,19.0,False,False,81.0,54.0,27.0,88.1,0.852,27.0
7299710,153498.0,2026-04-14 16:00,IEM Rio 2026,G2 Esports,290399,Mirage,3,True,5.0,13.0,-8.0,18.0,False,False,44.0,73.0,22.0,60.1,0.567,-29.0
7299710,153501.0,2026-04-14 16:00,IEM Rio 2026,G2 Esports,290399,Inferno,3,True,16.0,13.0,3.0,29.0,True,False,95.0,89.0,46.0,72.9,0.738,6.0
7299710,153503.0,2026-04-14 16:00,IEM Rio 2026,G2 Esports,290399,Dust2,3,True,13.0,11.0,2.0,24.0,False,True,74.0,80.0,35.0,68.9,0.708,-6.0
7299748,153524.0,2026-04-15 21:00,IEM Rio 2026,Team Falcons,290403,Mirage,3,False,10.0,13.0,-3.0,23.0,False,False,76.0,81.0,28.0,74.0,0.713,-5.0
7299748,153525.0,2026-04-15 21:00,IEM Rio 2026,Team Falcons,290403,Dust2,3,False,13.0,6.0,7.0,19.0,False,False,76.0,49.0,22.0,83.0,0.831,27.0
7299748,153526.0,2026-04-15 21:00,IEM Rio 2026,Team Falcons,290403,Nuke,3,False,14.0,16.0,-2.0,30.0,True,True,97.0,108.0,41.0,69.6,0.68,-11.0
7299794,153534.0,2026-04-17 21:15,IEM Rio 2026,Natus Vincere,290939,Mirage,3,True,13.0,4.0,9.0,17.0,False,False,72.0,46.0,20.0,87.4,0.836,26.0
7299794,153535.0,2026-04-17 21:15,IEM Rio 2026,Natus Vincere,290939,Dust2,3,True,13.0,6.0,7.0,19.0,False,False,70.0,47.0,24.0,80.6,0.831,23.0
7299894,153538.0,2026-04-18 21:15,IEM Rio 2026,FURIA Esports,290432,Overpass,3,True,13.0,10.0,3.0,23.0,False,False,78.0,72.0,29.0,73.8,0.748,6.0
7299894,153539.0,2026-04-18 21:15,IEM Rio 2026,FURIA Esports,290432,Ancient,3,True,13.0,10.0,3.0,23.0,False,False,85.0,72.0,38.0,80.2,0.748,13.0
7299911,153542.0,2026-04-19 20:00,IEM Rio 2026,Team Spirit,290438,Nuke,5,True,13.0,10.0,3.0,23.0,False,False,89.0,70.0,28.0,80.0,0.852,19.0
7299911,153543.0,2026-04-19 20:00,IEM Rio 2026,Team Spirit,290438,Mirage,5,True,16.0,13.0,3.0,29.0,True,False,103.0,83.0,32.0,73.2,0.766,20.0
7299911,153544.0,2026-04-19 20:00,IEM Rio 2026,Team Spirit,290438,Dust2,5,True,13.0,5.0,8.0,18.0,False,False,75.0,47.0,22.0,85.1,0.811,28.0
7299579,153550.0,2026-04-29 18:00,BLAST Rivals Spring 2026,FUT Esports,290379,Mirage,3,True,13.0,6.0,7.0,19.0,False,False,77.0,55.0,23.0,84.9,0.779,22.0
7299579,153551.0,2026-04-29 18:00,BLAST Rivals Spring 2026,FUT Esports,290379,Dust2,3,True,11.0,13.0,-2.0,24.0,False,True,81.0,76.0,32.0,77.4,0.725,5.0
7300568,153560.0,2026-04-30 19:55,BLAST Rivals Spring 2026,G2 Esports,291939,Mirage,3,True,16.0,13.0,3.0,29.0,True,False,100.0,95.0,27.0,74.4,0.724,5.0
7300568,153561.0,2026-04-30 19:55,BLAST Rivals Spring 2026,G2 Esports,291939,Overpass,3,True,11.0,13.0,-2.0,24.0,False,True,72.0,82.0,29.0,65.4,0.642,-10.0
7300789,153571.0,2026-05-02 23:05,BLAST Rivals Spring 2026,GamerLegion,291953,Mirage,3,True,13.0,1.0,12.0,14.0,False,False,68.0,22.0,19.0,98.1,0.9,46.0
7300789,153572.0,2026-05-02 23:05,BLAST Rivals Spring 2026,GamerLegion,291953,Overpass,3,True,16.0,14.0,2.0,30.0,True,True,103.0,105.0,44.0,75.2,0.747,-2.0
7300825,153573.0,2026-05-03 20:30,BLAST Rivals Spring 2026,Natus Vincere,291948,Nuke,5,True,16.0,12.0,4.0,28.0,True,False,109.0,90.0,27.0,79.7,0.828,19.0
7300825,153574.0,2026-05-03 20:30,BLAST Rivals Spring 2026,Natus Vincere,291948,Dust2,5,True,13.0,3.0,10.0,16.0,False,False,69.0,46.0,20.0,87.2,0.825,23.0
7300825,153576.0,2026-05-03 20:30,BLAST Rivals Spring 2026,Natus Vincere,291948,Anubis,5,True,13.0,11.0,2.0,24.0,False,True,84.0,84.0,22.0,74.0,0.675,0.0
